Patrik Order Form;;;;;;;;;
Date: ;;;;;;;;;
Est. delivery Date: ;;;Primary;;Total;;;;End
Part;Part Desc;Price List Price;Order QTY;Parts Per Container;;;;;
20010010;1001 - TUSCANY RIM SALAD PLATE;26,43 US$;;12;;;;;
20010020;1002 TUSCANY RIM DINNER PLATE;31,33 US$;;12;;;;;
20010030;1003 TUSCANY RIM CHARGER PLATE;21,54 US$;;6;;;;;
20010040;1004 TUSCANY COUPE SALAD PLATE;12,04 US$;;6;;;;;
20010050;1005 TUSCANY COUPE DINNER PLATE;15,66 US$;;6;;;;;
20010100;1010 SMALL SUSHI PLATE;27,65 US$;;12;;;;;
20010110;1011 LARGE SUSHI PLATE;35,27 US$;;10;;;;;
20010130;1013 TUSCANY COUPE CHARGER;22,04 US$;;6;;;;;
20010160;1016 SQ. RIM SALAD PLATE;23,23 US$;;12;;;;;
20010170;1017 SQ. RIM DINNER PLATE;31,53 US$;;12;;;;;
20010180;1018 SQ. RIM CHARGER;26,64 US$;;6;;;;;
20010200;1020 ANGLED RIM SALAD PLATE;32,70 US$;;12;;;;;
20010210;1021 ANGLED RIM DINNER PLATE;21,54 US$;;6;;;;;
20010220;1022 ANGLED RIM CHARGER;20,75 US$;;4;;;;;
20010230;1023 SWOOP SUSHI SALAD PLATE;32,70 US$;;12;;;;;
20010240;1024 SWOOP SUSHI DINNER PLATE;32,21 US$;;6;;;;;
20010300;1030 SWOOP SUSHI MINI PLATE;12,57 US$;;12;;;;;
20010310;1031 TUSCANY COUPE DESSERT PLATE;15,15 US$;;12;;;;;
20010400;1040 FLARE SUSHI SAUCE DISH;27,25 US$;;24;;;;;
20010410;1041 FLARE SUSHI SMALL PLATE;26,90 US$;;12;;;;;
20010420;1042 FLARE SUSHI MEDIUM PLATE;35,97 US$;;12;;;;;
20010440;1044 SNOWMAN RIM PLATE;16,78 US$;;6;;;;;
20010480;1048 EGG PLATE;14,65 US$;;8;;;;;
20010490;1049 SANTA RIM PLATE;17,19 US$;;6;;;;;
20010500;1050 REINDEER PLATE;17,19 US$;;6;;;;;
20010520;1052 CUPCAKE DESERT PLATE;18,65 US$;;12;;;;;
20010670;1067 SQUIRCLE SALAD PLATE;14,20 US$;;6;;;;;
20010680;1068 SQUIRCLE DINNER PLATE;18,02 US$;;6;;;;;
20010690;1069 SQUIRCLE CHARGER;19,71 US$;;4;;;;;
20010700;1070 WHIMSY WARE SALAD PLATE;11,63 US$;;6;;;;;
20010710;1071 WHIMSY WARE DINNER PLATE;16,90 US$;;6;;;;;
20010720;1072 - PINEAPPLE PLATE;11,00 US$;;6;;;;;
20010730;1073 - ORGANIC WARE SALAD PLATE;14,88 US$;;6;;;;;
20010740;1074 - ORGANIC WARE DINNER PLATE;19,78 US$;;6;;;;;
20010750;1075 - ORGANIC WARE CHARGER;21,68 US$;;4;;;;;
20010760;1076 - SUGAR SKULL PLATE;9,14 US$;;6;;;;;
20010800;1080 - STAR FISH SMALL PLATE;13,72 US$;;6;;;;;
20010810;1081 - FLOWER PLATE;12,27 US$;;6;;;;;
20010820;1082 - RING HOLDER DISH;12,93 US$;;12;;;;;
20010850;"1085 - 6"" SQUIRCLE DESSERT PLATE";17,14 US$;;6;;;;;
20010860;1086 - PINATA TACO HOLDER;23,48 US$;;8;;;;;
20010870;1087 - Divided Tree Dish;16,04 US$;;6;;;;;
20010880;"1088 - 8"" EDGEWARE SALAD PLATE";16,73 US$;;6;;;;;
20010890;"1089 - 10"" EDGEWARE DINNER PLATE";21,74 US$;;6;;;;;
20016000;"1600 8"" CLASSIC RIM SALAD PLATE";17,36 US$;;12;;;;;
20016010;"1601 10"" CLASSIC RIM DINNER PLATE";25,91 US$;;12;;;;;
20016020;"1602 12"" CLASSIC RIM CHARGER PLATE";18,98 US$;;6;;;;;
20016030;"1603 8"" CLASSIC COUPE SALAD PLATE";17,36 US$;;12;;;;;
20016040;"1604 10"" CLASSIC COUPE DINNER PLATE";25,67 US$;;12;;;;;
20016050;"1605 12"" CLASSIC COUPE CHARGER PLATE";19,66 US$;;6;;;;;
20016090;1609 - SQUARE COUPE SALAD;13,71 US$;;8;;;;;
20016100;1610 SQUARE DINNER PLATE;13,43 US$;;6;;;;;
20016110;1611 SQUARE CHARGER;19,66 US$;;6;;;;;
20016120;1612 SQUARE DESERT PLATE;11,10 US$;;8;;;;;
20016130;1613 - BISQUE FOR BENEFITS RIM SALAD;34,45 US$;;24;;;;;
20016140;1614 - BISQUE FOR BENEFITS COUPE SALAD;30,90 US$;;24;;;;;
20016150;1615 - RIM DINNER PLATE BFB;49,04 US$;;24;;;;;
20016160;1616 COUPE DINNER PLATE BFB;45,49 US$;;24;;;;;
20020010;2001 CEREAL BOWL;17,89 US$;;8;;;;;
20020020;2002 MISO BOWL;15,41 US$;;8;;;;;
20020030;2003 SOY BOWL;46,22 US$;;24;;;;;
20020040;2004 FOOTED CEREAL BOWL;16,19 US$;;8;;;;;
20020050;2005 INDIVIDUAL COUPE PASTA BOWL;28,58 US$;;12;;;;;
20020080;2008 PASTA BOWL;26,64 US$;;6;;;;;
20020090;2009 PASTA BOWL;26,11 US$;;4;;;;;
20020100;"2010 12"" MIXING BOWL";12,76 US$;;2;;;;;
20020120;2012 PETAL SOUP BOWL;33,68 US$;;12;;;;;
20020140;2014 SMALL SQUARE BOWL;29,76 US$;;12;;;;;
20020180;2018 SMALL DOG BOWL;29,76 US$;;12;;;;;
20020190;2019 MEDIUM DOG BOWL;24,29 US$;;8;;;;;
20020200;2020 LARGE DOG BOWL;12,44 US$;;3;;;;;
20020210;2021 BONE SHAPED DOG BOWL;24,16 US$;;4;;;;;
20020230;2023 HOLEY BOWLY SUSHI BOWL;20,17 US$;;6;;;;;
20020250;2025 THREE CIRCLE BOWL;31,26 US$;;4;;;;;
20020270;"2027 6"" MIXING BOWL";17,89 US$;;8;;;;;
20020280;"2028 8"" MIXING BOWL";20,75 US$;;8;;;;;
20020290;"2029 10"" MIXING BOWL";14,82 US$;;4;;;;;
20020300;2030 FOOTED ICE CREAM BOWL;17,19 US$;;8;;;;;
20020320;2032 TALL CEREAL BOWL;15,41 US$;;8;;;;;
20020390;"2039 6"" STACK-A-BOWL";16,19 US$;;8;;;;;
20020450;"2045 8"" STACK-A-BOWL";24,29 US$;;8;;;;;
20020460;"2046 10"" STACK-A-BOWL";18,80 US$;;4;;;;;
20020480;2048 RIM HEART BOWL;19,84 US$;;8;;;;;
20020510;2051 HEART BOWL;16,00 US$;;8;;;;;
20020540;2054 SMALL PET DISH;19,58 US$;;8;;;;;
20020550;2055 MEDIUM PET DISH;25,20 US$;;8;;;;;
20020560;2056 LARGE PET DISH;16,10 US$;;3;;;;;
20020640;2064 HAND THROWN CEREAL BOWL;15,41 US$;;8;;;;;
20020660;2066 RUFFLED FOOTED ICE CREAM BOWL;18,93 US$;;8;;;;;
20020690;2069 MEDIUM COUPE BOWL;21,54 US$;;6;;;;;
20020770;2077 SMALL SWOOP BOWL;20,05 US$;;8;;;;;
20020790;2079 BERRY BOWL;20,52 US$;;6;;;;;
20020800;2080 EGG BOWL;21,54 US$;;8;;;;;
20020810;2081 WITCH BOWL;19,76 US$;;6;;;;;
20020820;2082 SANTA BOWL;18,22 US$;;6;;;;;
20020830;2083 SNOWMAN BOWL;17,39 US$;;6;;;;;
20020930;2093 ICE CREAM CONE BOWL;11,71 US$;;8;;;;;
20020970;2097 LARGE TILT-A-BOWL;28,40 US$;;6;;;;;
20020980;2098 SMALL TILT-A-BOWL;16,41 US$;;8;;;;;
20020990;2099 DOG PAW BOWL;30,44 US$;;6;;;;;
20021000;2100 CAT PAW BOWL;18,41 US$;;6;;;;;
20021040;"2104 11"" BOWL W/ HANDLES";29,05 US$;;4;;;;;
20021050;2105 SMALL POPCORN BOWL;21,58 US$;;8;;;;;
20021060;2106 LARGE POPCORN BOWL;21,72 US$;;4;;;;;
20021070;2107 WAFFLE CONE BOWL;12,14 US$;;6;;;;;
20021100;2110 YIN YANG BOWL;11,85 US$;;4;;;;;
20021180;2118 SPLATTER BOWL;13,54 US$;;6;;;;;
20021250;2125 OWL BOWL;16,29 US$;;8;;;;;
20021260;2126 SQUIRCLE BOWL;18,21 US$;;6;;;;;
20021270;2127 NOODLE BOWL W/CHOPSTICKS;24,86 US$;;6;;;;;
20021290;2129 BEADED RIM BOWL;16,19 US$;;8;;;;;
20021300;2130 WHIMSY WARE BOWL;18,17 US$;;8;;;;;
20021310;2131 BISQUE FOR BENEFITS CONE BOWL;46,22 US$;;24;;;;;
20021320;2132 BISQUE FOR BENEFITS BENE BOWL;46,22 US$;;24;;;;;
20021330;2133 EVERYDAY SERVING BOWL;37,60 US$;;6;;;;;
20021370;2137 - SNUGGLE BOWL;29,63 US$;;8;;;;;
20021400;2140 - PRISMWARE BOWL;16,13 US$;;8;;;;;
20021410;2141 - PRISMWARE SERVING BOWL;24,81 US$;;6;;;;;
20021420;2142 - BISQUE FOR BENEFITS-TAPERED BOWL;46,22 US$;;24;;;;;
20021430;2143 YARN BOWL;19,75 US$;;6;;;;;
20021450;2145 - BANANA LEAF BOWL;16,27 US$;;6;;;;;
20021470;2147 ROPE BOWL;16,50 US$;;6;;;;;
20021500;2150 - SIMPLY COTTAGE MEDIUM BOWL;15,96 US$;;6;;;;;
20021510;2151 - SIMPLY COTTAGE BFB BOWL;46,22 US$;;24;;;;;
20021520;2152 - CAMPFIRE BOWL;15,57 US$;;6;;;;;
20021540;2154 - UNICORN BOWL;13,67 US$;;4;;;;;
20021550;2155 - BOAT BOWL;11,77 US$;;4;;;;;
20021560;2156 - HOLY GUACAMOLE BOWL;15,56 US$;;8;;;;;
20021570;2157 - DIMPLED BOWL;25,38 US$;;8;;;;;
20021580;2158 - ORGANIC WARE BOWL - SMALL;26,93 US$;;8;;;;;
20021590;2159-ORGANIC WARE BOWL LARGE;22,41 US$;;4;;;;;
20021600;2160 CASCADE BOWL;28,68 US$;;8;;;;;
20030010;3001 OVAL FISH PLATTER;45,82 US$;;12;;;;;
20030030;3003 OVAL COUPE PLATTER;42,30 US$;;6;;;;;
20030040;3004 OVAL COUPE PLATTER;38,00 US$;;4;;;;;
20030090;3009 HEART PLATE;18,90 US$;;6;;;;;
20030100;3010 RIM PIZZA PLATE;24,18 US$;;6;;;;;
20030110;3011 CHRISTMAS TREE PLATE;29,07 US$;;12;;;;;
20030130;3013 SUSHI PLATTER;26,64 US$;;6;;;;;
20030140;3014 SUSHI SAUCE DISH;20,37 US$;;12;;;;;
20030150;3015 TUSCANY COUPE PLATTER;34,86 US$;;6;;;;;
20030180;3018 SQUARE RIM PLATTER;42,89 US$;;6;;;;;
20030190;3019 SERVING TRAY W/2 HANDLES;40,21 US$;;4;;;;;
20030210;3021 ANGLED RIM RECTANGULAR PLATTER;19,71 US$;;4;;;;;
20030220;3022 SWOOP SUSHI RECTANGULAR PLATTER;21,93 US$;;4;;;;;
20030230;3023 OVAL RIM PLATTER;38,85 US$;;4;;;;;
20030270;3027 ROUND SERVING TRAY W/2 HANDLES;37,53 US$;;4;;;;;
20030320;3032 ONE PIECE CHIP & DIP;28,89 US$;;6;;;;;
20030330;3033 DEVILED EGG TRAY;20,86 US$;;6;;;;;
20030430;3043 FLARE SUSHI PLATTER;21,55 US$;;4;;;;;
20030440;3044 RECTANGULAR TRAY;20,89 US$;;4;;;;;
20030540;3054 INDIVIDUAL CHIP & DIP;13,69 US$;;6;;;;;
20030560;3056 SNOWMAN PLATTER;33,46 US$;;4;;;;;
20030590;"3059 15"" PLATTER W/HANDLES";28,82 US$;;4;;;;;
20030600;3060 GINGERBREAD MAN PLATTER;24,00 US$;;4;;;;;
20030620;3062 RECTANGULAR PLATTER;18,58 US$;;4;;;;;
20030630;3063 FLAT HANDLED TRAY;32,90 US$;;6;;;;;
20030670;3067 SQUIRCLE SMALL PLATTER;20,17 US$;;6;;;;;
20030680;3068 SQUIRCLE LARGE PLATTER;23,70 US$;;4;;;;;
20030690;3069 WHIMSY WARE RECTANGULAR PLATTER;24,16 US$;;6;;;;;
20030750;3075 NAUTILUS CHIP & DIP PLATTER;21,73 US$;;6;;;;;
20030770;3077 - STARFISH PLATTER;19,49 US$;;6;;;;;
20030790;3079 - BANANA LEAF PLATTER;20,15 US$;;4;;;;;
20030800;3080 - CACTUS CHIP AND DIP;17,06 US$;;4;;;;;
20030810;3081 - TRUCK PLATTER;12,16 US$;;4;;;;;
20030820;3082 - SIMPLY COTTAGE SMALL RECT. PLATTER;23,31 US$;;6;;;;;
20030830;3083 - SIMPLY COTTAGE MED. RECT. PLATTER;27,42 US$;;6;;;;;
20030840;3084 - SIMPLY COTTAGE LG. RECT. PLATTER;20,05 US$;;4;;;;;
20030850;"3085 - 15"" SQUIRCLE SQUARE PLATTER";26,30 US$;;4;;;;;
20030870;3087 - FRESH BAKED COOKIES TRAY;13,47 US$;;4;;;;;
20031010;"3101 15"" CLASSIC COUPE PLATTER";34,84 US$;;6;;;;;
20031030;3103 SHARK CHIP-N-DIP;18,07 US$;;2;;;;;
20040010;4001 ESPRESSO CUP W/SAUCER;19,28 US$;;12;;;;;
20040030;4003 LARGE MUG - TWENTY OUNCE;14,34 US$;;8;;;;;
20040040;4004 CONE/FLARE MUG;12,91 US$;;8;;;;;
20040050;4005 TALL CONE/FLARE MUG;12,45 US$;;8;;;;;
20040090;4009 JUMBO MUG;17,89 US$;;8;;;;;
20040100;4010 PEN CUP W/LIP;33,06 US$;;24;;;;;
20040120;4012 EGG CUP;7,76 US$;;12;;;;;
20040130;4013 SAUCE CUP;35,25 US$;;24;;;;;
20040150;4015 MEDIUM  PITCHER;22,46 US$;;6;;;;;
20040180;4018 VASE W/SCALLOPED EDGE;30,94 US$;;6;;;;;
20040190;4019 WINE COOLER;26,24 US$;;6;;;;;
20040200;4020 UTENSIL HOLDER;21,04 US$;;9;;;;;
20040250;4025 ROUND MUG;13,51 US$;;8;;;;;
20040260;4026 BARREL MUG;12,14 US$;;8;;;;;
20040270;4027 CAPPUCCINO MUG & SAUCER;29,63 US$;;8;;;;;
20040330;4033 BEER MUG;18,23 US$;;8;;;;;
20040350;4035 BOW WOW DOG TREAT JAR W/GASKET;25,35 US$;;4;;;;;
20040370;4037 TAPERED TEA CUP AND SAUCER;28,72 US$;;8;;;;;
20040380;4038 JELLY BELLY MUG;17,23 US$;;8;;;;;
20040430;4043 SMALL CANISTER W/GASKET;29,71 US$;;6;;;;;
20040440;4044 MEDIUM CANISTER W/GASKET;35,98 US$;;6;;;;;
20040450;4045 LARGE CANISTER W/GASKET;29,76 US$;;4;;;;;
20040470;4047 TEAPOT;24,63 US$;;6;;;;;
20040480;4048 SUGAR BOWL W/NOTCHED LID;11,15 US$;;8;;;;;
20040490;4049 CREAMER;8,92 US$;;8;;;;;
20040500;4050 SALT & PEPPER SET  W/STOPPERS;10,59 US$;;8;;;;;
20040570;4057 TEA FOR ONE;19,89 US$;;6;;;;;
20040630;4063 CAPE MUG;12,48 US$;;8;;;;;
20040640;4064 LODGE MUG;15,86 US$;;8;;;;;
20040650;4065 SWOOP MUG;16,28 US$;;8;;;;;
20040680;4068 SAYINGS POT;20,87 US$;;6;;;;;
20040690;4069 DOG ANIMUG;15,02 US$;;8;;;;;
20040730;4073 MOCHA MUG;15,15 US$;;8;;;;;
20040740;4074 CAFE MUG;13,96 US$;;8;;;;;
20040750;4075 MINI CAPE MUG;14,93 US$;;12;;;;;
20040760;4076 MINI LODGE MUG;16,71 US$;;12;;;;;
20040780;4078 LARGE SAYINGS POT;20,29 US$;;4;;;;;
20040790;4079 HEART MUG;12,67 US$;;8;;;;;
20040810;4081 HAND THROWN ROUND MUG;16,06 US$;;8;;;;;
20040820;4082 HAND THROWN VASE;26,90 US$;;8;;;;;
20040840;4084 MESSAGE MUG;15,02 US$;;8;;;;;
20040890;4089 BEER STEIN;16,41 US$;;8;;;;;
20040910;4091 SNOWMAN COOKIE JAR;7,36 US$;;1;;;;;
20040950;4095 PUMPKIN TUREEN;23,61 US$;;4;;;;;
20040960;4096 SANTA MUG;16,74 US$;;8;;;;;
20040970;4097 SNOWMAN MUG;16,74 US$;;8;;;;;
20040980;4098 REINDEER ANIMUG;16,74 US$;;8;;;;;
20040990;4099 GOBLET;19,69 US$;;8;;;;;
20041000;4100 WHITE WINE GOBLET;17,99 US$;;8;;;;;
20041010;4101 RED WINE GOBLET;17,72 US$;;8;;;;;
20041030;4103 MARGARITA;22,76 US$;;8;;;;;
20041040;4104 DINER MUG;11,00 US$;;8;;;;;
20041050;4105 I LOVE YOU MOM MUG;15,45 US$;;8;;;;;
20041060;4106 I LOVE YOU DAD MUG;15,45 US$;;8;;;;;
20041080;4108 FLARE GOBLET;18,84 US$;;8;;;;;
20041100;4110 PINT ICE CREAM HOLDER;14,42 US$;;8;;;;;
20041120;4112 HEART IMPRESSION MUG;17,84 US$;;8;;;;;
20041160;4116 SHOT GLASS;4,33 US$;;8;;;;;
20041170;4117 CUPCAKE CANNISTER;9,24 US$;;1;;;;;
20041180;4118 SQUARE SALT + PEPPER;10,32 US$;;8;;;;;
20041190;4119 DUNK MUG;15,64 US$;;8;;;;;
20041200;4120 DOG TREAT JAR;17,67 US$;;4;;;;;
20041210;4121 CAT TREAT JAR;13,61 US$;;4;;;;;
20041300;4130 CRINKLED PLASTIC CUP;9,79 US$;;6;;;;;
20041370;4137 I LOVE GRANDMA MUG;11,01 US$;;8;;;;;
20041380;4138 I LOVE GRANDPA MUG;11,01 US$;;8;;;;;
20041430;4143 OLIVE OIL DISPENSER;18,17 US$;;6;;;;;
20041440;4144 STACKING MUG;11,41 US$;;8;;;;;
20041460;4146 BEADED HANDLE MUG;13,71 US$;;8;;;;;
20041480;4148 - I LOVE MUM MUG;13,36 US$;;8;;;;;
20041500;4150 OWL MUG;12,13 US$;;8;;;;;
20041510;4151 UTENSIL HOLDER;17,04 US$;;4;;;;;
20041520;4152 TOOL/BRUSH CADDY;19,75 US$;;4;;;;;
20041530;4153 LG TRAVEL TUMBLER;20,92 US$;;12;;;;;
20041540;4154 MED. TRAVEL TUMBLER;18,40 US$;;12;;;;;
20041560;4156 CHEVRON MUG;14,01 US$;;8;;;;;
20041590;4159 COCOA MUG;13,44 US$;;8;;;;;
20041640;4164 JAR MUG;12,25 US$;;6;;;;;
20041690;4169 STEMLESS WINE GLASS;11,10 US$;;8;;;;;
20041710;4171 FLAT TOP CANNISTER;25,43 US$;;6;;;;;
20041760;4176 CASTLE MUG;13,79 US$;;6;;;;;
20041770;4177 JUMBO JR. MUG;18,90 US$;;12;;;;;
20041780;4178 ROUND JR MUG;17,72 US$;;12;;;;;
20041810;4181 - JUG BUD VASE;10,40 US$;;8;;;;;
20041820;4182 - DROP BUD VASE;10,40 US$;;8;;;;;
20041830;4183 - SHOULDER BUD VASE;10,40 US$;;8;;;;;
20041840;4184 HEART EYES MUG;3,24 US$;;8;;;;;
20041850;4185 - TIN CAN MUG;10,06 US$;;6;;;;;
20041860;4186 PAIL W/HANDLE;25,88 US$;;4;;;;;
20041870;4187 - SUGAR SKULL MUG;11,67 US$;;6;;;;;
20041880;4188 - PUMPKIN MUG;11,08 US$;;6;;;;;
20041890;4189 - PINEAPPLE CANNISTER;14,35 US$;;4;;;;;
20041900;4190 - PRISMWARE MUG;11,89 US$;;6;;;;;
20041950;4195 PITCHER - 1.5 LITER;10,09 US$;;2;;;;;
20041960;4196 - PITCHER - .5 LITER;12,99 US$;;4;;;;;
20041980;4198 - MERMAID TAIL MUG;12,39 US$;;6;;;;;
20042010;4201 - DRAGON MUG;18,49 US$;;6;;;;;
20042070;4207 - CAMPFIRE MUG;18,41 US$;;8;;;;;
20042080;4208 - UNICORN MUG;14,94 US$;;6;;;;;
20042090;4209 - PINEAPPLE MUG;12,01 US$;;6;;;;;
20042100;4210 - PINEAPPLE SALT AND PEPPER;14,84 US$;;8;;;;;
20042110;4211 - NARWHAL MUG;11,81 US$;;6;;;;;
20042120;4212 - HONEYCOMB MUG;12,26 US$;;6;;;;;
20042130;4213 - VINTAGE SNOWMAN MUG 14OZ;14,05 US$;;6;;;;;
20042140;4214 - VINTAGE SANTA MUG 16OZ;13,88 US$;;6;;;;;
20042150;4215 - LLAMA MUG;14,29 US$;;6;;;;;
20042160;4216 - SIMPLY COTTAGE MUG;20,75 US$;;8;;;;;
20042170;4217 - TALL CAMPFIRE MUG;20,75 US$;;8;;;;;
20042180;4218 - FLAMINGO MUG;16,18 US$;;6;;;;;
20042190;4219 - PRISMWARE TUMBLER W/LID;18,08 US$;;8;;;;;
20042200;4220 - SHIELD STEIN 24 OZ;17,31 US$;;6;;;;;
20042210;4221 - MASON JAR SALT AND PEPPER;14,03 US$;;8;;;;;
20042220;4222 - MASON JAR PITCHER;13,67 US$;;4;;;;;
20042230;4223 - CANNISTER W/BAMBOO LID;23,71 US$;;6;;;;;
20042240;4224 - MAN CAVE MUG-D;15,57 US$;;6;;;;;
20042250;4225 - PAINT BRUSH MUG;11,06 US$;;6;;;;;
20042260;4226 - GNOME MUG;13,80 US$;;6;;;;;
20042270;4227 - SIMPLY COTTAGE MESSAGE MUG;8,91 US$;;6;;;;;
20042280;4228 - DRAGON GOBLET;18,39 US$;;6;;;;;
20042290;4229 - WITCHES BREW MUG;16,09 US$;;6;;;;;
20042300;4230 - PRISMWARE TALL MUG;19,44 US$;;8;;;;;
20042310;4231 - PRISMWARE STEMLESS WINE GLASS;15,73 US$;;8;;;;;
20042320;4232 - COMFY SWEATER MUG;15,93 US$;;6;;;;;
20042330;4233 - FIESTA MARGARITA GLASS;14,17 US$;;6;;;;;
20042340;4234 - SUSIE'S SUNSHINE MUG;17,41 US$;;8;;;;;
20042350;4235 - MUG - O - SAURUS;23,08 US$;;6;;;;;
20042360;4236 - MUG - A - BOO;21,65 US$;;6;;;;;
20042370;4237 - DIMPLED MUG;18,34 US$;;8;;;;;
20042380;4238 - HIGHLAND COW MUG;18,50 US$;;6;;;;;
20042390;4239 - MUSHROOM HOUSE CANISTER;24,88 US$;;4;;;;;
20042400;4240 - MUSHROOM HOUSE MUG;15,27 US$;;6;;;;;
20042410;4241 - Vintage Reindeer Mug;15,03 US$;;6;;;;;
20042420;4242- AXOLOTL MUG;14,88 US$;;6;;;;;
20042430;4243 - Mirrorball Mug;17,58 US$;;8;;;;;
20042440;4244 - Mushroom Teapot;24,00 US$;;4;;;;;
20042450;4245 - Rainbow Mug;13,03 US$;;6;;;;;
20045000;4500 REGULAR MUG - TEN OUNCE;11,53 US$;;12;;;;;
20045010;4501 REGULAR MUG - SIXTEEN OUNCE;14,21 US$;;12;;;;;
20045020;4502 TRAVEL MUG W/LID;21,43 US$;;8;;;;;
20045030;4503 REGULAR MUG - TWELVE OUNCE;16,67 US$;;12;;;;;
20045040;4504 CONE/FLARE MUG;11,72 US$;;8;;;;;
20045050;4505 HOME/OFFICE MUG W/LID;16,88 US$;;8;;;;;
20045070;4507 TRAVEL TUMBLER;18,14 US$;;8;;;;;
20045080;4508 - BISQUE FOR BENEFITS 10 OZ MUG;25,97 US$;;24;;;;;
20045090;4509 - BISQUE FOR BENEFITS 12 OZ MUG;31,26 US$;;24;;;;;
20050080;5008 PLAIN ROUND BOX;9,93 US$;;6;;;;;
20050090;5009 FLOWER BOX;9,93 US$;;6;;;;;
20050150;5015 SPOON REST W/HANDLE;11,13 US$;;8;;;;;
20050160;5016 SPOON REST W/O HANDLE;11,13 US$;;8;;;;;
20050170;5017 BUTTER DISH;25,08 US$;;8;;;;;
20050210;5021 FROG SCRUBBIE HOLDER;14,31 US$;;6;;;;;
20050230;5023 4 X 6 FRAME W/GLASS & EASEL;22,04 US$;;6;;;;;
20050240;5024 5 X 7 FRAME W/GLASS & EASEL;27,36 US$;;6;;;;;
20050250;5025 SQUARE FRAME W/GLASS & EASEL;20,47 US$;;6;;;;;
20050270;5027 4 X 6 MESSAGE FRAME W/GLASS;25,62 US$;;6;;;;;
20050280;5028 SNOWMAN COLLECTIBLE;12,40 US$;;12;;;;;
20050290;5029 SANTA COLLECTIBLE;9,43 US$;;12;;;;;
20050300;5030 SNOWMAN FIGURE;14,97 US$;;6;;;;;
20050310;5031 SANTA FIGURE;13,63 US$;;6;;;;;
20050320;5032 JUMBO ORNAMENT;14,84 US$;;12;;;;;
20050330;5033 RING HOLDER;19,99 US$;;12;;;;;
20050360;5036 OLDE TYME COOKIE JAR;13,26 US$;;2;;;;;
20050370;5037 PEN/PENCIL HOLDER;22,04 US$;;12;;;;;
20050390;5039 DESKTOP ORGANIZER TRAY;19,19 US$;;6;;;;;
20050450;5045 LG. SOAP PUMP DISPENSER;16,35 US$;;6;;;;;
20050460;5046 SM. SOAP PUMP DISPENSER;14,76 US$;;6;;;;;
20050480;5048 TOOTHBRUSH HOLDER;12,57 US$;;6;;;;;
20050510;5051 SQUARE TILE 4 INCH;40,48 US$;;100;;;;;
20050520;5052 SQUARE TILE 6 INCH;26,02 US$;;50;;;;;
20050540;5054 TAPERED VASE;24,98 US$;;4;;;;;
20050550;5055 CLASSIC URN VASE;21,45 US$;;4;;;;;
20050560;5056 RECTANGULAR VASE;20,38 US$;;4;;;;;
20050570;5057 SMALL FLOWER POT w/SAUCER;19,84 US$;;8;;;;;
20050580;5058 MEDIUM FLOWER POT w/SAUCER;20,17 US$;;6;;;;;
20050590;5059 SM. JACK-O-LANTERN;15,54 US$;;6;;;;;
20050600;5060 LG. JACK-O-LANTERN W/LIGHT;43,82 US$;;4;;;;;
20050610;5061 ROUND ORNAMENT;13,42 US$;;24;;;;;
20050620;5062 STOCKING ORNAMENT;13,42 US$;;24;;;;;
20050630;5063 MITTEN ORNAMENT;13,42 US$;;24;;;;;
20050640;"5064 12"" CHRISTMAS TREE W/BASE AND LIGHT KIT";19,74 US$;;1;;;;;
20050660;"5066 SQUARE TILE - 8""";36,37 US$;;24;;;;;
20050690;5069 CAKE PLATE W/STAND;34,86 US$;;6;;;;;
20050730;5073 SQUARE COASTER SET;23,27 US$;;4;;;;;
20050740;5074 ROUND COASTER SET;23,22 US$;;4;;;;;
20050750;5075  SKULL w/Light (US LIGHT KIT INCLUDED);36,25 US$;;4;;;;;
20050760;5076 SANTA ORNAMENT;12,16 US$;;12;;;;;
20050780;5078 PENGUIN ORNAMENT;12,16 US$;;12;;;;;
20050790;5079 SNOWMAN ORNAMENT;12,58 US$;;12;;;;;
20050800;5080  GINGERBREAD MAN FLAT ORNAMENT;15,03 US$;;24;;;;;
20050810;5081  ANGEL FLAT ORNAMENT;13,84 US$;;24;;;;;
20050820;5082  PENGUIN FLAT ORNAMENT;13,84 US$;;24;;;;;
20050830;5083  STAR FLAT ORNAMENT;13,84 US$;;24;;;;;
20050900;5090 MEASURING SPOONS;27,42 US$;;12;;;;;
20050910;5091 MEASURING CUPS;29,89 US$;;8;;;;;
20050940;5094 4 X 4 HERB VASE;13,39 US$;;8;;;;;
20050970;5097 2 X 2 X 6 SQUARE BUD VASE;7,83 US$;;8;;;;;
20051050;5105 REINDEER ORNAMENT;12,79 US$;;12;;;;;
20051060;5106 FLAT REINDEER ORNAMENT;15,93 US$;;24;;;;;
20051110;5111 SUN FACE VOTIVE;17,12 US$;;8;;;;;
20051130;5113 BUTTERFLY PLAQUE;16,58 US$;;6;;;;;
20051150;5115 GARDEN TURTLE;14,96 US$;;2;;;;;
20051170;5117 SNOWFLAKE FLAT ORNAMENT;15,51 US$;;24;;;;;
20051180;5118 SANTA FLAT ORNAMENT;13,84 US$;;24;;;;;
20051190;5119 CHRISTMAS TREE FLAT ORN.;14,67 US$;;24;;;;;
20051200;5120 SNOWMAN FLAT ORNAMENT;13,84 US$;;24;;;;;
20051210;5121 CANDY CANE FLAT ORNAMENT;12,16 US$;;24;;;;;
20051230;5123 BONE FLAT ORNAMENT;13,00 US$;;24;;;;;
20051250;5125 SWITCH PLATE;29,71 US$;;12;;;;;
20051330;5133 SNOW PILE;14,65 US$;;6;;;;;
20051340;5134 SNOW PILE ORNAMENT;9,65 US$;;12;;;;;
20051350;5135 PEACE- WORD;13,40 US$;;6;;;;;
20051360;5136 GINGERBREAD PLATE;14,29 US$;;6;;;;;
20051370;5137 SERENE ANGEL;18,63 US$;;6;;;;;
20051380;5138 ORNAPRINT;13,00 US$;;12;;;;;
20051430;5143 OWL LANTERN;16,29 US$;;4;;;;;
20051440;5144 SMALL CHRISTMAS TREE;27,73 US$;;2;;;;;
20051450;5145 LG. CHRISTMAS TREE;29,77 US$;;1;;;;;
20051460;5146 LOVE WORD;10,00 US$;;6;;;;;
20051470;5147 WAX WARMER;15,73 US$;;6;;;;;
20051490;5149 BELIEVE PLAQUE;11,60 US$;;6;;;;;
20051500;5150 DREAM PLAQUE;11,60 US$;;6;;;;;
20051510;5151 FAMILY PLAQUE;14,97 US$;;6;;;;;
20051560;5156 HEART ORNAMENT;14,25 US$;;24;;;;;
20051570;5157 SHARK SCRUBBY;13,11 US$;;6;;;;;
20051580;5158 FISH LANTERN;13,48 US$;;4;;;;;
20051600;5160 Splatter Plaque;14,53 US$;;6;;;;;
20051620;5162 PUMPKIN STACK;40,84 US$;;4;;;;;
20051650;5165 LETTER/PLAQUE -  A;0,96 US$;;1;;;;;
20051660;5166 - LETTER/PLAQUE -  B;1,05 US$;;1;;;;;
20051670;5167 - LETTER/PLAQUE -  C;1,05 US$;;1;;;;;
20051680;5168 - LETTER/PLAQUE -  D;1,05 US$;;1;;;;;
20051690;5169 - LETTER/PLAQUE -  E;1,05 US$;;1;;;;;
20051700;5170 - LETTER/PLAQUE -  F;0,96 US$;;1;;;;;
20051710;5171 - LETTER/PLAQUE - G;1,05 US$;;1;;;;;
20051720;5172 - LETTER/PLAQUE - H;1,05 US$;;1;;;;;
20051730;5173 - LETTER/PLAQUE - I;1,05 US$;;1;;;;;
20051740;5174 - LETTER/PLAQUE - J;1,05 US$;;1;;;;;
20051750;5175 - LETTER/PLAQUE - K;1,05 US$;;1;;;;;
20051760;5176 - LETTER/PLAQUE - L;1,05 US$;;1;;;;;
20051770;5177 - LETTER/PLAQUE - M;1,05 US$;;1;;;;;
20051780;5178 - LETTER/PLAQUE - N;1,05 US$;;1;;;;;
20051790;5179 - LETTER/PLAQUE - O;1,05 US$;;1;;;;;
20051800;5180 - LETTER/PLAQUE - P;1,05 US$;;1;;;;;
20051810;5181 - LETTER/PLAQUE - Q;1,05 US$;;1;;;;;
20051820;5182 - LETTER/PLAQUE - R;1,05 US$;;1;;;;;
20051830;5183 - LETTER/PLAQUE - S;1,05 US$;;1;;;;;
20051840;5184 - LETTER/PLAQUE - T;1,05 US$;;1;;;;;
20051850;5185 - LETTER/PLAQUE - U;1,05 US$;;1;;;;;
20051860;5186 - LETTER/PLAQUE - V;1,05 US$;;1;;;;;
20051870;5187 - LETTER/PLAQUE - W;1,05 US$;;1;;;;;
20051880;5188 - LETTER/PLAQUE - X;1,05 US$;;1;;;;;
20051890;5189 - LETTER/PLAQUE - Y;1,05 US$;;1;;;;;
20051900;5190 -LETTER/PLAQUE - Z;1,05 US$;;1;;;;;
20051910;5191 PILLOW ORNAMENT;17,75 US$;;12;;;;;
20051960;5196 OWL LANTERN VOTIVE;16,54 US$;;8;;;;;
20051980;5198 STANDING CROSS;12,41 US$;;6;;;;;
20052010;5201 SNAIL LANTERN;18,72 US$;;4;;;;;
20052030;5203 CYLINDER LANTERN;16,40 US$;;4;;;;;
20052040;5204 BALL LANTERN;18,92 US$;;4;;;;;
20052090;5209 UNICORN TINY TOPPER;5,71 US$;;12;;;;;
20052100;5210 DOG TINY TOPPER;5,36 US$;;12;;;;;
20052110;5211 CAT TINY TOPPER;5,36 US$;;12;;;;;
20052120;5212 SNOWMAN TINY TOPPER;5,71 US$;;12;;;;;
20052130;5213 OWL TINY TOPPER;5,54 US$;;12;;;;;
20052140;5214 PENGUIN TINY TOPPER;5,08 US$;;12;;;;;
20052150;5215 HEART TINY TOPPER;5,54 US$;;12;;;;;
20052160;5216 CHRISTMAS TREE TINY TOPPER;5,54 US$;;12;;;;;
20052170;5217 CUPCAKE TINY TOPPER;5,54 US$;;12;;;;;
20052180;5218 LOVE WORD TINY TOPPER;5,54 US$;;12;;;;;
20052200;5220 EUROPEAN BUTTER DISH;23,41 US$;;8;;;;;
20052220;5222 STACKING SKULL;39,71 US$;;4;;;;;
20052230;5223 TURKEY LANTERN;16,14 US$;;4;;;;;
20052260;5226 SANTA COOKIE JAR;7,98 US$;;1;;;;;
20052270;5227 - WREATH W/LIGHTS;44,20 US$;;4;;;;;
20052280;5228 ROUND FLAT ORNAMENT;15,57 US$;;24;;;;;
20052290;5229 CROSS FLAT ORNAMENT;13,93 US$;;24;;;;;
20052300;5230 TREE ORNAMENT;11,51 US$;;12;;;;;
20052310;5231 ANIMATED TREE;39,13 US$;;2;;;;;
20052320;5232 SHELF TREE;25,61 US$;;2;;;;;
20052330;5233 TREE VOTIVE;22,72 US$;;8;;;;;
20052340;5234 CHEVRON BOX;12,10 US$;;6;;;;;
20052350;5235 ELF;15,68 US$;;6;;;;;
20052390;5239 HANGING LANTERN;14,03 US$;;8;;;;;
20052410;5241 SMALL STANDING CROSS;8,78 US$;;8;;;;;
20052440;5244 SHARK TOPPER;6,99 US$;;12;;;;;
20052450;5245 DANCE WORD PLAQUE;12,21 US$;;6;;;;;
20052460;5246 DRAGON TOPPER;5,77 US$;;12;;;;;
20052470;5247 PRINCESS TOPPER;5,92 US$;;12;;;;;
20052480;5248 CROSS TOPPER;5,92 US$;;12;;;;;
20052490;5249 - ANIMATED TREE VOTIVE;25,28 US$;;8;;;;;
20052500;5250 - SMALL ANIMATED TREE;18,77 US$;;2;;;;;
20052510;5251 TURTLE LANTERN;14,29 US$;;4;;;;;
20052520;5252 PINEAPPLE LANTERN;12,03 US$;;4;;;;;
20052530;5253 JAR STAR LANTERN;12,57 US$;;4;;;;;
20052540;5254 WHALE SCRUBBY HOLDER;9,75 US$;;6;;;;;
20052600;5260 MERMAID TOPPER;6,17 US$;;12;;;;;
20052610;5261 SUGAR SKULL TOPPER;5,59 US$;;12;;;;;
20052620;5262 GIFT BOX TOPPER;6,23 US$;;12;;;;;
20052630;5263 - SNOWFLAKE LANTERN;13,83 US$;;4;;;;;
20052640;5264 - TALL HOUSE LANTERN;10,54 US$;;4;;;;;
20052650;5265 - SQUARE ORNAPRINT;14,55 US$;;12;;;;;
20052700;5270 - HOUSE LANTERN;8,28 US$;;4;;;;;
20052740;5274 - BEACH WORD PLAQUE;10,68 US$;;6;;;;;
20052750;5275 - LOVE LIGHT UP WORD;19,13 US$;;4;;;;;
20052770;5277 - SMALL JAR STAR LANTERN;15,06 US$;;8;;;;;
20052780;5278 - LARGE JAR STAR LANTERN;20,32 US$;;4;;;;;
20052800;5280 - TOPPERWARE FRAME;22,29 US$;;6;;;;;
20052810;5281 SUGAR SKULL LIGHT-UP;19,43 US$;;4;;;;;
20052820;5282 WITCH HAT LANTERN;17,17 US$;;4;;;;;
20052830;5283 GHOST LANTERN;13,75 US$;;4;;;;;
20052840;5284 - SNUGGLES THE SNOWMAN LANTERN;14,85 US$;;4;;;;;
20052850;5285 - BOO WORD;10,58 US$;;6;;;;;
20052860;5286 - LET IT SNOW WORD PLAQUE;13,66 US$;;6;;;;;
20052880;5288 - STAR LANTERN;16,11 US$;;4;;;;;
20052890;5289 - CHURCH LANTERN;9,66 US$;;4;;;;;
20052900;5290 TREE LANTERN;10,87 US$;;4;;;;;
20052910;5291 GINGERBREAD LANTERN;10,13 US$;;4;;;;;
20052920;"5292 - 4"" FLAT SQUARE ORNAMENT";17,46 US$;;24;;;;;
20052930;5293 - RABBIT TOPPER;5,64 US$;;12;;;;;
20052940;5294 - PINEAPPLE TOPPER;5,64 US$;;12;;;;;
20052950;5295 - PRINCESS LANTERN;12,26 US$;;4;;;;;
20052980;5298 - PUMPKIN TOPPER;6,00 US$;;12;;;;;
20053000;5300 - APPLE TOPPER;6,00 US$;;12;;;;;
20053020;5302 - EGG LANTERN;12,08 US$;;4;;;;;
20053030;5303 - LARGE SHELL LANTERN;13,93 US$;;4;;;;;
20053040;5304 SMALL SHELL HANGING LANTERN;15,68 US$;;8;;;;;
20053060;5306 WHALE PLANTER;10,56 US$;;8;;;;;
20053070;5307 ELEPHANT PLANTER;9,93 US$;;8;;;;;
20053080;5308 SMALL SQUARE PLANTER;11,04 US$;;8;;;;;
20053090;5309 PRISMWARE PLANTER;11,04 US$;;8;;;;;
20053100;5310 - LIGHTHOUSE LANTERN;12,36 US$;;4;;;;;
20053110;5311 STAR TOPPER;5,00 US$;;12;;;;;
20053120;5312 - ANTIQUE TRUCK W/TREE;31,05 US$;;2;;;;;
20053130;5313 -LEAVES LANTERN;14,08 US$;;4;;;;;
20053140;5314 - LARGE PUMPKIN LANTERN;18,43 US$;;4;;;;;
20053170;5317 - ANTIQUE TRUCK;22,44 US$;;4;;;;;
20053180;5318 - TALL PUMPKIN;21,10 US$;;4;;;;;
20053190;5319 - ROUNDED OAK LEAF LANTERN;15,78 US$;;4;;;;;
20053230;5323 - LOVE WORD STANDING PLAQUE;15,87 US$;;6;;;;;
20053240;5324 - CACTUS RING HOLDER;11,60 US$;;8;;;;;
20053250;5325 - UNICORN LANTERN;10,72 US$;;4;;;;;
20053260;5326 - ELEPHANT TOPPER;7,65 US$;;12;;;;;
20053270;5327 - GIRAFFE TOPPER;7,65 US$;;12;;;;;
20053280;5328 - EIFFELL TOWER TOPPER;8,71 US$;;12;;;;;
20053300;5330 - PINEAPPLE SPOON REST;9,23 US$;;6;;;;;
20053310;5331 - PINEAPPLE PLANTER;10,63 US$;;8;;;;;
20053320;5332 - MOONBEAM FAIRY LANTERN;11,54 US$;;4;;;;;
20053330;5333 - CACTUS LIGHT UP;20,89 US$;;2;;;;;
20053340;5334 - HONEYCOMB PLANTER;10,07 US$;;8;;;;;
20053350;5335 - BUMBLE BEE TOPPER;6,76 US$;;12;;;;;
20053360;5336 - TRUCK/TREE LANTERN;13,08 US$;;4;;;;;
20053370;5337 - TRUCK/TREE FLAT ORNAMENT;20,37 US$;;24;;;;;
20053380;5338 - GINGERBREAD HOUSE FLAT ORNAMENT;18,45 US$;;24;;;;;
20053390;5339 - WOODY WAGON W/TREE;28,42 US$;;2;;;;;
20053400;5340 - HAUNTED HOUSE LANTERN;10,73 US$;;4;;;;;
20053410;5341 - SMALL RENAISSANCE SANTA;20,96 US$;;6;;;;;
20053420;5342 - TALL HATTED GNOME LANTERN;14,57 US$;;4;;;;;
20053430;5343 - LLAMA TINY TOPPER;6,23 US$;;12;;;;;
20053440;5344 - LARGE GINGERBREAD HOUSE LIGHT UP;41,62 US$;;4;;;;;
20053450;5345 - PRISMWARE VASE;11,85 US$;;4;;;;;
20053460;5346 - MUSHROOM HOUSE LANTERN;13,54 US$;;4;;;;;
20053470;5347 - MERMAID TAIL RING HOLDER;9,35 US$;;8;;;;;
20053480;5348 - FLAMINGO RING HOLDER;14,84 US$;;8;;;;;
20053490;5349 - SLOTH FLAT ORNAMENT;16,50 US$;;24;;;;;
20053500;5350 - LLAMA FLAT ORNAMENT;17,80 US$;;24;;;;;
20053510;5351 - MASON JAR SPOON REST;11,92 US$;;8;;;;;
20053530;5353 - DRAGON HEAD TINY TOPPER;12,32 US$;;12;;;;;
20053540;5354 - JEWELERY HOLDER;15,11 US$;;6;;;;;
20053560;5356 - DRAGONFLY LANTERN;12,26 US$;;4;;;;;
20053570;5357 - HAUNTED HOUSE LIGHT-UP;38,61 US$;;4;;;;;
20053580;5358 - GHOST PILE LIGHT-UP;36,60 US$;;4;;;;;
20053600;5360 - VINTAGE CAMPER LIGHT-UP;22,05 US$;;2;;;;;
20053610;5361 - LARGE TALL HATTED GNOME LANTERN;17,55 US$;;4;;;;;
20053620;5362 - CHRISTMAS TREE GNOME LIGHT UP;19,08 US$;;1;;;;;
20053630;5363 - GNOME RING HOLDER;10,18 US$;;8;;;;;
20053640;5364 - GNOME TINY TOPPER;7,25 US$;;12;;;;;
20053650;5365 - GNOME HOME LANTERN;13,42 US$;;4;;;;;
20053660;5366 - STACK OF GNOMES;12,31 US$;;4;;;;;
20053670;5367 - GNOME FLAT ORNAMENT W/HOOK;17,42 US$;;24;;;;;
20053680;5368 - SNOWMAN HEAD LIGHT-UP;42,88 US$;;4;;;;;
20053690;5369 - EIFFEL TOWER;13,67 US$;;2;;;;;
20053700;5370 - DRAGON GLOBE LIGHT-UP;26,72 US$;;2;;;;;
20053710;5371 - NATIVITY SET;14,06 US$;;4;;;;;
20053720;5372 - CHRISTMAS TREE GNOME LANTERN;16,09 US$;;4;;;;;
20053730;5373 - GNOME CASTLE LANTERN;21,86 US$;;4;;;;;
20053740;5374 - HOLIDAY VILLAGE CHURCH LANTERN;17,91 US$;;4;;;;;
20053750;5375   - CACTUS TRINKET TRAY;15,18 US$;;6;;;;;
20053760;5376 - POTTED CACTUS;8,28 US$;;8;;;;;
20053770;5377 - SIMPLY COTTAGE BIRDHOUSE;13,43 US$;;4;;;;;
20053780;5378 - LLAMA PLANTER;11,85 US$;;8;;;;;
20053790;5379 - WATERING CAN PLANTER;15,37 US$;;8;;;;;
20053800;5380 - FARMHOUSE ROOSTER;13,60 US$;;2;;;;;
20053810;5381- WITCHES LAIR LANTERN;19,65 US$;;4;;;;;
20053820;5382 - SQUATTY PUMPKIN;28,51 US$;;4;;;;;
20053830;5383 - WITCH HAT JACK O LANTERN;17,85 US$;;4;;;;;
20053840;5384 - HALLOWEEN TREE LIGHT-UP;32,82 US$;;2;;;;;
20053850;5385 - SNOWMAN LIGHT UP;52,72 US$;;4;;;;;
20053860;5386 - CLASSIC SLEIGH WITH TREE LIGHT UP;25,24 US$;;2;;;;;
20053870;5387 - LAYING REINDEER;11,27 US$;;2;;;;;
20053880;5388 - SQUATTY PUMPKIN LIGHT UP;58,09 US$;;4;;;;;
20053890;5389 - GNOME HUGGING TREE LIGHT-UP;29,99 US$;;2;;;;;
20053900;5390 - MR & MRS GNOME;26,12 US$;;6;;;;;
20053910;5391 - LG. HUGGING GNOME/SNOWMAN;25,87 US$;;4;;;;;
20053920;5392 - MARSHMALLOW TWEET;9,92 US$;;12;;;;;
20053930;5393 - MEDIUM MUSHROOM LANTERN;24,06 US$;;6;;;;;
20053940;5394 - LARGE MUSHROOM LANTERN;31,19 US$;;4;;;;;
20053950;5395 - SMALL SUCCULENT PLAQUE;16,45 US$;;6;;;;;
20053960;5396 - MED.SUCCULENT PLAQUE;22,10 US$;;6;;;;;
20053970;5397 - GNOME PLANTER;22,27 US$;;6;;;;;
20053980;5398 - WAVE PLANTER;14,83 US$;;6;;;;;
20053990;5399 - MEDIUM PRISMWARE PLANTER;13,78 US$;;6;;;;;
20054000;5400 - ANIMAL PLANTER;16,54 US$;;6;;;;;
20054010;5401 - HAPPY RAINBOW VASE;15,73 US$;;8;;;;;
20054020;5402 - CROUCHING DRAGON;20,52 US$;;2;;;;;
20054030;5403 - HAUNTED HALLOWEEN TREE LIGHT-UP;44,13 US$;;2;;;;;
20054040;5404 - SMALL ROUND PUMPKIN;12,49 US$;;4;;;;;
20054050;5405 - CHRISTMAS TRAIN WITH TREE LIGHT-UP;32,84 US$;;2;;;;;
20054060;5406 - WOOD WHITTLED JACK-0-LANTERN;22,58 US$;;6;;;;;
20054070;5407 - ACORN LANTERN;14,65 US$;;4;;;;;
20054080;5408 - NUTCRACKER LANTERN;24,53 US$;;4;;;;;
20054090;5409 - MUMMY LANTERN W/HANDLE;11,26 US$;;4;;;;;
20054100;5410 - JACK-O-LANTERN W/HANDLE;11,26 US$;;4;;;;;
20054110;5411 - DRAGON W/TREASURE LIGHT UP;34,78 US$;;2;;;;;
20054120;5412 - SIMPLY COTTAGE PLANTER;11,44 US$;;6;;;;;
20054130;5413 - SIMPLY COTTAGE MESSAGE PLANTER;11,44 US$;;6;;;;;
20054140;5414 - SMALL NUTCRACKER;15,75 US$;;6;;;;;
20054150;5415 - STACK OF GINGERBREAD;16,33 US$;;4;;;;;
20054160;5416 - LAYING REINDEER LANTERN;34,75 US$;;2;;;;;
20054170;5417 - VILLAGE GENERAL STORE LANTERN;18,75 US$;;4;;;;;
20054180;5418 - MERMAID HOUSE LANTERN;25,94 US$;;4;;;;;
20054190;5419 GNOME W/STAR LANTERN;21,11 US$;;4;;;;;
20054200;5420 - HEDGEHOG PLANTER;16,10 US$;;6;;;;;
20054210;5421 - SLOTH PLANTER;29,75 US$;;6;;;;;
20054220;5422 - MUMMY LANTERN;26,60 US$;;4;;;;;
20054230;5423 - MOON LANTERN;23,17 US$;;4;;;;;
20054240;5424 - GNOME PLANTER LANTERN;23,48 US$;;4;;;;;
20054250;5425 - GNOME CRACKER;21,81 US$;;6;;;;;
20054260;5426 - GINGERBREAD GNOME;29,04 US$;;2;;;;;
20054270;5427 - FLAT CHRISTMAS TREE LANTERN;14,87 US$;;4;;;;;
20054280;5428 - STACK OF ORNAMENTS LANTERN;24,97 US$;;4;;;;;
20054290;5429 - COIL CHRISTMAS TREE LANTERN;19,36 US$;;4;;;;;
20054300;5430 - EASY BRIGHT CHRISTMAS TREE;51,54 US$;;4;;;;;
20054310;5431 - STACK OF STONES;21,61 US$;;6;;;;;
20054320;5432 - HIGHLAND COW PLANTER;18,89 US$;;6;;;;;
20054330;5433 - Frankenstein Loud Mouth;15,16 US$;;4;;;;;
20054340;5434 - Pumpkin loud Mouth;15,16 US$;;4;;;;;
20054350;5435 - Vampire Loud Mouth;15,16 US$;;4;;;;;
20054360;5436 - Witch Boot Lantern;17,48 US$;;4;;;;;
20054370;5437 - LARGE ORNAMENT LANTERN;14,91 US$;;2;;;;;
20054380;5438 - Flat Nutcracker Ornament;17,89 US$;;24;;;;;
20054390;5439 - Gingerbread Man lantern;18,50 US$;;4;;;;;
20054400;5440 - Elf House Lantern;19,89 US$;;4;;;;;
20054410;5441 - Gingerbread Tree Easy Bright;41,12 US$;;4;;;;;
20054420;5442 - MIRRORBALL ORNAMENT;23,44 US$;;12;;;;;
20054430;5443 - Snowman Loud Mouth;15,16 US$;;4;;;;;
20054440;5444 - Christmas Tree Ring Holder;12,85 US$;;8;;;;;
20054450;5445 - GNOME HUGGING MUSHROOM LANT;16,55 US$;;4;;;;;
20054460;5446 - RAINBOW TRINKET DISH;15,11 US$;;12;;;;;
20054470;5447 - AXOLOTL BOX;12,57 US$;;6;;;;;
20054480;5448 - Highland Cow butter dish;16,40 US$;;4;;;;;
20054490;5449-Axolotl ring holder;13,98 US$;;8;;;;;
20054500;5450 - Mirrorball box;13,57 US$;;6;;;;;
20054510;5451 - Strawberry Trinlet Tray;9,56 US$;;8;;;;;
20054520;5452 - Mushroom Trinket Holder;15,42 US$;;8;;;;;
20054540;5454 - Small Mushroom Lantern;14,29 US$;;8;;;;;
20054550;5455 - Chicken Planter;18,20 US$;;6;;;;;
20054560;5456 - Toad Abode Lantern;15,68 US$;;4;;;;;
20054710;5471 - Butterfly Lantern;14,80 US$;;4;;;;;
20070060;7006 TURTLE COLLECTIBLE;9,02 US$;;12;;;;;
20070100;7010 TURTLE BANK W/STOPPER;15,25 US$;;6;;;;;
20070160;7016 HORSE BANK W/STOPPER;12,19 US$;;6;;;;;
20070170;7017 FLOWER BANK W/STOPPER;13,30 US$;;6;;;;;
20070200;7020 THIS LI'L PIGGY BANK W/STOPPER;11,09 US$;;6;;;;;
20070240;7024 STANDING DOG;13,92 US$;;6;;;;;
20070250;7025 STANDING CAT;13,61 US$;;6;;;;;
20070260;7026 STANDING HORSE;14,35 US$;;6;;;;;
20070290;7029 BASEBALL CAP BANK W/STOPPER;11,06 US$;;6;;;;;
20070300;7030 GECKO PLAQUE;27,05 US$;;12;;;;;
20070360;7036 DOLPHIN;9,96 US$;;8;;;;;
20070370;7037 RACE CAR COLLECTIBLE;9,56 US$;;12;;;;;
20070380;7038 DOG COLLECTIBLE;10,27 US$;;12;;;;;
20070390;7039 CAT COLLECTIBLE;9,74 US$;;12;;;;;
20070410;7041 BUTTERFLY PLAQUE;18,41 US$;;12;;;;;
20070460;7046 MERMAID;12,40 US$;;8;;;;;
20070490;7049 LARGE PIGGY BANK W/STOPPER;26,27 US$;;6;;;;;
20070500;7050 ELEPHANT BANK W/STOPPER;13,30 US$;;6;;;;;
20070530;7053 UNICORN COLLECTIBLE;11,12 US$;;12;;;;;
20070540;7054 SITTING DOG;9,52 US$;;6;;;;;
20070550;7055 STANDING UNICORN;10,32 US$;;6;;;;;
20070560;7056 SITTING CAT;9,33 US$;;6;;;;;
20070570;7057 SOCCER BALL BANK W/STOPPER;12,97 US$;;6;;;;;
20070580;7058 KILLER WHALE;19,69 US$;;8;;;;;
20070680;7068 BALL SHAPE BUD VASE;15,70 US$;;8;;;;;
20070690;7069 PEAR SHAPE BUD VASE;12,52 US$;;8;;;;;
20070700;7070 SMALL ORNAMENT W/CAP;22,22 US$;;24;;;;;
20070710;7071 LARGE ORNAMENT W/CAP;13,42 US$;;12;;;;;
20070720;7072 FOOTBALL BANK W/STOPPER;11,83 US$;;6;;;;;
20070730;7073 BASEBALL BANK W/STOPPER;14,07 US$;;6;;;;;
20070740;7074 LARGE HEART BOX;12,13 US$;;8;;;;;
20070750;7075 MEDIUM HEART BOX;9,20 US$;;8;;;;;
20070760;7076 SMALL HEART BOX;23,86 US$;;12;;;;;
20070920;7092 KITTY BANK W/STOPPER;12,55 US$;;6;;;;;
20070930;7093 PRINCESS BANK W/STOPPER;14,05 US$;;6;;;;;
20070970;7097 DRAGON;19,48 US$;;8;;;;;
20071030;7103 SMALL ROUND BOX;11,12 US$;;12;;;;;
20071040;7104 MEDIUM ROUND BOX;10,32 US$;;8;;;;;
20071050;7105 LARGE ROUND BOX;13,39 US$;;8;;;;;
20071070;7107 UNICORN BUST BANK W/STOPPER;18,62 US$;;6;;;;;
20071080;7108 TEDDY BEAR BANK W/STOPPER;15,60 US$;;6;;;;;
20071100;7110 RAINBOW BANK W/STOPPER;11,64 US$;;6;;;;;
20071120;7112 CROSS BOX;10,56 US$;;6;;;;;
20071150;7115 TREE FROG PLAQUE;30,45 US$;;12;;;;;
20071160;7116 BUNNY BOX;10,95 US$;;6;;;;;
20071240;7124 CASTLE BANK W/STOPPER;18,52 US$;;6;;;;;
20071340;7134 TIARA BANK W/ STOPPER;16,35 US$;;6;;;;;
20071380;7138 FOOTBALL HELMET BANK W/STOPPER;14,40 US$;;6;;;;;
20071390;7139 T-REX;18,89 US$;;6;;;;;
20071410;7141 RUBBER DUCKIE COLLECTIBLE;10,96 US$;;12;;;;;
20071450;7145 SNEAKER BANK W/ STOPPER;12,54 US$;;6;;;;;
20071470;7147 SLITHERING SNAKE;17,67 US$;;6;;;;;
20071490;7149 PIGOSAURUS BANK W/ STOPPER;11,65 US$;;2;;;;;
20071500;7150 HUM-V;17,77 US$;;6;;;;;
20071510;7151 CLOWN FISH COLLECTIBLE;10,06 US$;;12;;;;;
20071550;7155 SHARK COLLECTIBLE;10,49 US$;;12;;;;;
20071570;7157 ELEPHANT COLLECTIBLE;10,27 US$;;12;;;;;
20071640;7164 PENGUIN COLLECTIBLE;10,06 US$;;12;;;;;
20071650;7165 PENGUIN BANK;12,36 US$;;6;;;;;
20071710;7171 LOTUS FAIRY;17,60 US$;;6;;;;;
20071720;7172 SIDE SITTING FAIRY;18,18 US$;;6;;;;;
20071730;7173 MOONBEAM FAIRY;18,14 US$;;6;;;;;
20071740;7174 UNICORN FAIRY;21,07 US$;;6;;;;;
20071780;7178 HUGS & KISSES KEEPER;22,62 US$;;8;;;;;
20071820;7182 TREASURE CHEST BOX;19,19 US$;;6;;;;;
20071850;7185 SKULL BANK;19,36 US$;;6;;;;;
20071920;7192 OVAL BEADED PLAQUE;25,62 US$;;8;;;;;
20071930;7193 HEART BEADED PLAQUE;25,78 US$;;8;;;;;
20071990;7199 FOOTBALL TROPHY;19,30 US$;;12;;;;;
20072000;7200 BASKETBALL BANK;17,33 US$;;6;;;;;
20072020;7202 LARGE DRAGON;15,82 US$;;1;;;;;
20072040;7204 COLLECTIBLE DRAGON;10,76 US$;;12;;;;;
20072050;7205 TEXTURED DOG BANK;18,58 US$;;6;;;;;
20072070;7207 CUTE DRAGON BANK;18,08 US$;;6;;;;;
20072110;7211 RACE CAR BANK;16,92 US$;;6;;;;;
20072140;7214 TROPHY;15,84 US$;;6;;;;;
20072170;7217 EGG;6,50 US$;;12;;;;;
20072180;7218 EGG BOX;10,56 US$;;6;;;;;
20072190;7219 ICE CREAM BOX;9,87 US$;;6;;;;;
20072200;7220 CUPCAKE BOX;9,69 US$;;6;;;;;
20072210;7221 GNOME;12,52 US$;;2;;;;;
20072220;7222  DRAGON;29,20 US$;;6;;;;;
20072230;7223 TRAIN BANK;21,10 US$;;6;;;;;
20072240;7224 MONSTER TRUCK BANK;16,64 US$;;6;;;;;
20072250;7225 FIGHTER JET;15,65 US$;;6;;;;;
20072260;7226 MOTORCYCLE;17,08 US$;;6;;;;;
20072270;7227 FIRE TRUCK BANK;19,69 US$;;6;;;;;
20072320;7232 REINDEER FIGURE;14,87 US$;;6;;;;;
20072350;7235 PIGUS MAXIMUS;13,78 US$;;1;;;;;
20072360;7236 CROWN BANK;15,97 US$;;6;;;;;
20072390;7239 ELECTRIC GUITAR PLAQUE;15,36 US$;;6;;;;;
20072420;7242 PIG PILE BANK;17,08 US$;;6;;;;;
20072430;7243 DOG PARTY ANIMAL;11,57 US$;;8;;;;;
20072440;7244 CAT PARTY ANIMAL;9,51 US$;;8;;;;;
20072450;7245 PENGUIN PARTY ANIMAL;11,87 US$;;8;;;;;
20072460;7246 PANDA PARTY ANIMAL;11,87 US$;;8;;;;;
20072470;7247 MONKEY PARTY ANIMAL;11,57 US$;;8;;;;;
20072480;7248 CUTE CAR PARTY ANIMAL;11,57 US$;;8;;;;;
20072490;7249 CUTE DRAGON PARTY ANIMAL;11,87 US$;;8;;;;;
20072500;7250 T-REX PARTY ANIMAL;11,57 US$;;8;;;;;
20072510;7251 FROG PARTY ANIMAL;11,57 US$;;8;;;;;
20072520;7252 TURTLE PARTY ANIMAL;11,57 US$;;8;;;;;
20072550;7255 LARGE GNOME;12,93 US$;;1;;;;;
20072560;7256 SMALL GNOME;13,38 US$;;4;;;;;
20072630;7263 GECKO PARTY ANIMAL;12,43 US$;;8;;;;;
20072640;7264 GATOR PARTY ANIMAL;12,79 US$;;8;;;;;
20072650;7265 UNICORN PARTY ANIMAL;8,12 US$;;8;;;;;
20072660;7266 DOLPHIN PARTY ANIMAL;10,70 US$;;8;;;;;
20072670;7267 PLANE PARTY ANIMAL;12,12 US$;;8;;;;;
20072690;7269 CUPCAKE PENNY BANK;12,13 US$;;8;;;;;
20072740;7274 HAMBURGER BANK;14,73 US$;;6;;;;;
20072780;7278 SUNDAE BANK;15,03 US$;;6;;;;;
20072830;7283 TRAVELING GNOME;11,06 US$;;8;;;;;
20072840;7284 WOMEN GNOME;11,33 US$;;2;;;;;
20072850;7285 OWL BANK;14,60 US$;;6;;;;;
20072860;7286 OWL PARTY ANIMAL;12,30 US$;;8;;;;;
20072930;7293 SOFT SERVE BANK;13,09 US$;;6;;;;;
20072970;7297 BIRD PARTY ANIMAL;12,52 US$;;8;;;;;
20073050;7305 BIGGY DRAGON BANK;11,44 US$;;2;;;;;
20073060;7306 BIGGY ELEPHANT BANK;11,92 US$;;2;;;;;
20073070;7307 BIGGY  UNICORN BANK;10,94 US$;;2;;;;;
20073080;7308 BIGGY DOG BANK;11,44 US$;;2;;;;;
20073090;7309 BIGGY CAT BANK;9,57 US$;;2;;;;;
20073110;7311 BIGGY T-REX BANK;11,44 US$;;2;;;;;
20073130;7313 BIGGY MERMAID BANK;10,87 US$;;2;;;;;
20073140;7314 BIGGY PENGUIN;10,11 US$;;2;;;;;
20073150;7315 CUPCAKE BANK;14,35 US$;;6;;;;;
20073160;7316 STACK OF OWLS BANK;17,89 US$;;6;;;;;
20073170;7317 HOCKEY PUCK BANK;12,84 US$;;6;;;;;
20073180;7318 ELEPHANT PARTY ANIMAL;13,93 US$;;8;;;;;
20073190;7319 CHICK PARTY ANIMAL;12,18 US$;;8;;;;;
20073210;7321 LADYBUG PARTY ANIMAL;11,72 US$;;8;;;;;
20073230;7323 BUCK THE HUNGRY MONSTER;13,36 US$;;6;;;;;
20073240;7324 BENJAMIN THE HUNGRY MONSTER;13,36 US$;;6;;;;;
20073250;7325 STANDING HORSE WITH BASE;14,79 US$;;6;;;;;
20073260;7326 DOLPHIN BANK;15,36 US$;;6;;;;;
20073270;7327 SHARK BANK;16,11 US$;;6;;;;;
20073280;7328 SEAL BANK;15,36 US$;;6;;;;;
20073290;7329 WHALE BANK;15,11 US$;;6;;;;;
20073320;7332 STACK OF PENGUINS BANK;22,49 US$;;6;;;;;
20073330;7333 STACK OF FROGS BANK;21,24 US$;;6;;;;;
20073340;7334 OWL BOX;14,39 US$;;8;;;;;
20073350;7335 GIRAFFE PARTY ANIMAL;11,81 US$;;8;;;;;
20073360;7336 LION PARTY ANIMAL;11,45 US$;;8;;;;;
20073370;7337 RABBIT PARTY ANIMAL;12,10 US$;;8;;;;;
20073380;7338 PEGASUS PARTY ANIMAL;12,93 US$;;8;;;;;
20073390;7339 TANK BOX;17,77 US$;;6;;;;;
20073400;7340 SHARK WALL PLAQUE;18,54 US$;;6;;;;;
20073410;7341 SHARKIS MAXIMUS;18,80 US$;;1;;;;;
20073460;7346 PUDGEY DOG BANK;10,07 US$;;6;;;;;
20073470;7347 PUDGEY CAT BANK;10,52 US$;;6;;;;;
20073480;7348 PUDGEY ELEPHANT BANK;11,23 US$;;6;;;;;
20073490;7349 PUDGEY PENGUIN BANK;10,07 US$;;6;;;;;
20073500;7350 PUDGEY PIG BANK;11,23 US$;;6;;;;;
20073510;7351 PUDGEY OWL BANK;10,52 US$;;6;;;;;
20073540;7354 STACK OF TURTLES;20,75 US$;;6;;;;;
20073550;7355 PRINCESS PARTY ANIMAL;11,12 US$;;8;;;;;
20073560;7356 FOX PARTY ANIMAL;11,03 US$;;8;;;;;
20073570;7357 MOOSE PARTY ANIMAL;14,51 US$;;8;;;;;
20073580;7358 OCTOPUS PARTY ANIMAL;13,72 US$;;8;;;;;
20073600;7360 FOX BANK;16,02 US$;;6;;;;;
20073640;7364 SHARK PARTY ANIMAL;11,40 US$;;8;;;;;
20073650;7365 COW PARTY ANIMAL;10,90 US$;;8;;;;;
20073670;7367 STACKING DOLPHIN;22,77 US$;;6;;;;;
20073680;7368 CASTLE W/LIGHT KIT;20,43 US$;;2;;;;;
20073690;7369 HORSE PARTY ANIMAL;12,79 US$;;8;;;;;
20073700;7370  YOUNG PRINCESS;8,80 US$;;8;;;;;
20073710;7371 CASTLE BANK;19,02 US$;;6;;;;;
20073720;7372 SMILEY SHARK BANK;17,71 US$;;6;;;;;
20073730;7373 BUNNY BANK;15,91 US$;;6;;;;;
20073770;7377 PEGASUS;16,79 US$;;6;;;;;
20073780;7378 PEGASUS BIGGIE BANK;13,58 US$;;2;;;;;
20073810;7381 HEDGEHOG PARTY ANIMAL;11,36 US$;;8;;;;;
20073820;7382 SQUIRREL PARTY ANIMAL;11,51 US$;;8;;;;;
20073830;7383 PRINCESS BIGGIE BANK;10,81 US$;;2;;;;;
20073870;7387 DACHSHUND;13,36 US$;;8;;;;;
20073890;7389 - SNOWMAN PARTY ANIMAL;12,04 US$;;8;;;;;
20073940;7394 DAISY BOX;15,42 US$;;8;;;;;
20073970;7397 OCTOPUS BANK;18,26 US$;;6;;;;;
20073980;7398 SHEEP PARTY ANIMAL;10,58 US$;;8;;;;;
20073990;7399 WHALE PARTY ANIMAL;12,10 US$;;8;;;;;
20074010;7401 STANDING DOG BANK;18,29 US$;;6;;;;;
20074030;7403 CAT BANK;18,12 US$;;6;;;;;
20074050;7405 STEGASAURUS BANK;20,52 US$;;6;;;;;
20074070;7407 DACHSHUND BANK;19,12 US$;;6;;;;;
20074080;7408 FIGHTER JET PARTY ANIMAL;12,05 US$;;8;;;;;
20074090;7409 CRAB PARTY ANIMAL;11,67 US$;;8;;;;;
20074110;7411 MERMAID PARTY ANIMAL;11,98 US$;;8;;;;;
20074120;7412 SUGAR SKULL PARTY ANIMAL;12,13 US$;;8;;;;;
20074130;7413 PUG PARTY ANIMAL;10,79 US$;;8;;;;;
20074140;7414 SEA TURTLE PARTY ANIMAL;11,10 US$;;8;;;;;
20074160;7416 - SEA HORSE PARTY ANIMAL;10,83 US$;;8;;;;;
20074180;7418 - LOTUS FAIRY PARTY ANIMAL;11,23 US$;;8;;;;;
20074230;7423 - SUGAR SKULL BANK;14,76 US$;;6;;;;;
20074240;7424 - JACK-O-LANTERN PARTY ANIMAL;12,39 US$;;8;;;;;
20074250;7425 - CHIHUAHUA;10,83 US$;;8;;;;;
20074260;7426 - RACE CAR PARTY ANIMAL;10,27 US$;;8;;;;;
20074270;7427 - SANTA PARTY ANIMAL;11,08 US$;;8;;;;;
20074280;7428 - REINDEER PARTY ANIMAL;11,13 US$;;8;;;;;
20074290;7429 - REALISTIC DRAGON;19,80 US$;;6;;;;;
20074310;7431 - POOP EMOJI BANK;11,95 US$;;6;;;;;
20074320;7432 PARTY POOPER;9,30 US$;;8;;;;;
20074360;7436 - BUNNY FIGURE;11,22 US$;;6;;;;;
20074390;7439 - NARWHAL PARTY ANIMAL;11,36 US$;;8;;;;;
20074420;7442 - PEACOCK PARTY ANIMAL;10,54 US$;;8;;;;;
20074430;7443 - SLOTH PARTY ANIMAL;10,73 US$;;8;;;;;
20074440;7444 - FLAMINGO PARTY ANIMAL;11,42 US$;;8;;;;;
20074450;7445 - LLAMA PARTY ANIMAL;10,73 US$;;8;;;;;
20074460;7446 - SLOTH BANK;13,18 US$;;6;;;;;
20074470;7447 - LlAMA BANK;14,19 US$;;6;;;;;
20074480;7448 - FOX BIGGIE BANK;11,82 US$;;2;;;;;
20074490;7449 - BEAVER PARTY ANIMAL;8,80 US$;;8;;;;;
20074510;7451 - BEAR PARTY ANIMAL;12,61 US$;;8;;;;;
20074520;7452 - EAGLE PARTY ANIMAL;10,42 US$;;8;;;;;
20074530;7453 - NARWHAL BANK;16,85 US$;;6;;;;;
20074540;7454 - GINGERBREAD MAN PARTY ANIMAL;11,36 US$;;8;;;;;
20074550;7455 - DECOR RABBIT;12,91 US$;;6;;;;;
20074560;7456 - TRUCK/TREE BOX;16,55 US$;;4;;;;;
20074570;7457 - TRUCK/TREE PARTY ANIMAL;11,96 US$;;8;;;;;
20074580;7458 - GNOME PARTY ANIMAL;8,33 US$;;8;;;;;
20074590;7459 - TALL HATTED GNOME;17,66 US$;;6;;;;;
20074600;7460 - STACK OF ELEPHANTS;21,28 US$;;6;;;;;
20074610;7461 - DECOR FLAMINGO;16,54 US$;;6;;;;;
20074620;7462 - MAJESTIC EAGLE;11,78 US$;;2;;;;;
20074630;7463 - LLAMA BIGGY BANK;6,17 US$;;2;;;;;
20074640;7464 - LARGE EGG;8,79 US$;;8;;;;;
20074650;7465 - ROOSTER PARTY ANIMAL;11,76 US$;;8;;;;;
20074660;7466 - MANATEE PARTY ANIMAL;13,36 US$;;8;;;;;
20074670;7467 - DRAGON PARTY ANIMAL;17,05 US$;;8;;;;;
20074680;7468 - LUCKY CAT PARTY ANIMAL;10,07 US$;;8;;;;;
20074690;7469 - Lg. TALL HATTED GNOME;12,80 US$;;4;;;;;
20074700;7470 - GNOME AND SNOWMAN HUGGING;15,61 US$;;6;;;;;
20074710;7471 - STEALTH JET PARTY ANIMAL;10,09 US$;;8;;;;;
20074720;7472 - UNICORN NOT SO BIGGY;17,21 US$;;4;;;;;
20074730;7473 - NOT SO BIGGY MERMAID;18,50 US$;;4;;;;;
20074740;7474 -VINTAGE REINDEER;16,13 US$;;8;;;;;
20074750;7475 - NOT SO BIGGY DOG;19,98 US$;;4;;;;;
20074760;7476 - NOT SO BIGGY CAT;20,16 US$;;4;;;;;
20074770;7477 - SLOTH HUGGABLE;15,50 US$;;4;;;;;
20074780;7478 - PENGUIN HUGGABLE;17,58 US$;;4;;;;;
20074790;7479 - UNICORN HUGGABLE;17,99 US$;;4;;;;;
20074800;7480 - HIGHLAND COW PARTY ANIMAL;14,03 US$;;8;;;;;
20074810;7481 - SMALL VINTAGE TRUCK;19,44 US$;;8;;;;;
20074820;7482 - TROPHY PARTY ANIMAL;14,39 US$;;8;;;;;
20074830;7483 - FOX HUGGABLE;14,01 US$;;4;;;;;
20074840;7484 - ELEPHANT HUGGABLE;17,17 US$;;4;;;;;
20074850;7485 - NOT SO BIGGY ELEPHANT;18,75 US$;;4;;;;;
20074860;7486 - HIGHLAND COW NOTSO BIGGY;17,98 US$;;4;;;;;
20074870;7487 - PUG SPLOOT;17,98 US$;;4;;;;;
20074880;7488 - CORGI SPLOOT;17,59 US$;;4;;;;;
20074890;7489 - BUNNY SPLOOT;19,13 US$;;4;;;;;
20074900;7490 - BUNNY HUGGABLE;17,46 US$;;4;;;;;
20074910;7491 - UNICORN SPLOOT;20,42 US$;;4;;;;;
20074920;7492 - GIRAFFE HUGGABLE;20,37 US$;;4;;;;;
20074930;7493 - PUMPKIN PARTY ANIMAL;17,15 US$;;8;;;;;
20074940;7494 - GHOST PARTY ANIMAL;16,18 US$;;8;;;;;
20074950;7495 - MUMMY PARTY ANIMAL;12,03 US$;;8;;;;;
20074960;7496 - BEAR LOVABLE;21,04 US$;;4;;;;;
20074970;7497 - AXOLOTL PARTY ANIMAL;15,82 US$;;8;;;;;
20074980;7498 - KNIGHT PARTY ANIMAL;12,53 US$;;8;;;;;
20074990;7499 - JELLYFISH PARTY ANIMAL;13,40 US$;;8;;;;;
20075000;7500 - MEDITATING SLOTH;28,01 US$;;6;;;;;
20075010;7501 - DRAGONS LAIR LANTERN;15,39 US$;;2;;;;;
20075020;7502 - MEDIEVAL SWORD;42,25 US$;;12;;;;;
20075030;7503 - WIZARD WAND;26,99 US$;;12;;;;;
20075040;7504 - HIGHLAND COW BANK;19,28 US$;;6;;;;;
20075050;7505 - MUSHROOM PLAQUE;18,20 US$;;12;;;;;
20075060;7506 - FRANKENSTEIN PARTY ANIMAL;10,38 US$;;8;;;;;
20075070;7507 - VAMPIRE  PARTY ANIMAL;11,51 US$;;8;;;;;
20075080;7508 - WITCH PARTY ANIMAL;10,69 US$;;8;;;;;
20075090;7509 - Nutcracker party Animal;10,90 US$;;8;;;;;
20075100;7510 - PUG SPLOOT PARTY ANIMAL;12,23 US$;;8;;;;;
20075110;7511 - CORGI SPLOOT PARTY ANIMAL;12,13 US$;;8;;;;;
20075120;7512 - AXOLOTL NOT SO BIGGY;12,49 US$;;4;;;;;
20075130;7513 - FLAT MUSHROOM ORNAMENT;18,20 US$;;24;;;;;
20075140;7514 - PUDGY AXOLOTL BANK;10,33 US$;;6;;;;;
20075150;7515 - PUDGY HIGHLAND COW BANK;10,56 US$;;6;;;;;
20075160;7516 - PUDGY UNICORN BANK;10,56 US$;;6;;;;;
20075170;7517 - AXOLOTL BANK;16,35 US$;;6;;;;;
20075200;7520 - ALIEN PARTY ANIMAL;11,31 US$;;8;;;;;
20075210;7521 - Astronaut Party Animal;14,19 US$;;8;;;;;
20081010;8101 BISQUIES LETTER A;3,37 US$;;12;;;;;
20081020;8102 BISQUIES LETTER B;3,37 US$;;12;;;;;
20081030;8103 BISQUIES LETTER C;3,37 US$;;12;;;;;
20081040;8104 BISQUIES LETTER D;3,37 US$;;12;;;;;
20081050;8105 BISQUIES LETTER E;3,37 US$;;12;;;;;
20081060;8106 BISQUIES LETTER F;3,37 US$;;12;;;;;
20081070;8107 BISQUIES LETTER G;3,37 US$;;12;;;;;
20081080;8108 BISQUIES LETTER H;3,37 US$;;12;;;;;
20081090;8109 BISQUIES LETTER I;3,37 US$;;12;;;;;
20081100;8110 BISQUIES LETTER J;3,37 US$;;12;;;;;
20081110;8111 BISQUIES LETTER K;3,37 US$;;12;;;;;
20081120;8112 BISQUIES LETTER L;3,37 US$;;12;;;;;
20081130;8113 BISQUIES LETTER M;3,37 US$;;12;;;;;
20081140;8114 BISQUIES LETTER N;3,37 US$;;12;;;;;
20081150;8115 BISQUIES LETTER O;3,37 US$;;12;;;;;
20081160;8116 BISQUIES LETTER P;3,37 US$;;12;;;;;
20081170;8117 BISQUIES LETTER Q;3,37 US$;;12;;;;;
20081180;8118 BISQUIES LETTER R;3,37 US$;;12;;;;;
20081190;8119 BISQUIES LETTER S;3,37 US$;;12;;;;;
20081200;8120 BISQUIES LETTER T;3,37 US$;;12;;;;;
20081210;8121 BISQUIES LETTER U;3,37 US$;;12;;;;;
20081220;8122 BISQUIES LETTER V;3,37 US$;;12;;;;;
20081230;8123 BISQUIES LETTER W;3,37 US$;;12;;;;;
20081240;8124 BISQUIES LETTER X;3,37 US$;;12;;;;;
20081250;8125 BISQUIES LETTER Y;3,37 US$;;12;;;;;
20081260;8126 BISQUIES Z;3,37 US$;;12;;;;;
20081370;8137 BISQUIE BASKETBALL;8,97 US$;;12;;;;;
20081380;8138 BISQUIE FOOTBALL;8,97 US$;;12;;;;;
20081390;8139 BISQUIE BASEBALL;8,97 US$;;12;;;;;
20081400;8140 BISQUIE SOCCER;8,97 US$;;12;;;;;
20081410;8141 BISQUIE GECKO;8,97 US$;;12;;;;;
20081420;8142 BISQUIE FROG;4,84 US$;;12;;;;;
20081430;8143 BISQUIE TURTLE;4,84 US$;;12;;;;;
20081490;8149 BISQUIES TEDDY BEAR;4,84 US$;;12;;;;;
20081500;8150 BISQUIES DOG FACE;3,37 US$;;12;;;;;
20081510;8151 BISQUIES CAT FACE;3,37 US$;;12;;;;;
20081520;8152 BISQUIES DOG BONE;4,84 US$;;12;;;;;
20081530;8153 CHRISTMAS TREE;4,84 US$;;12;;;;;
20081540;8154 SNOWMAN;4,84 US$;;12;;;;;
20081550;8155 PENGUIN;4,84 US$;;12;;;;;
20081560;8156 CROSS;3,37 US$;;12;;;;;
20081570;8157 PUMPKIN;4,84 US$;;12;;;;;
20081600;8160 HEART;3,37 US$;;12;;;;;
20081610;8161 BISQUIES DAISY;4,84 US$;;12;;;;;
20081630;8163 BISQUIES ROSE;3,37 US$;;12;;;;;
20081640;8164 BISQUIES SUNFLOWER;8,97 US$;;12;;;;;
20081690;8169 STARFISH BISQUIE;4,84 US$;;12;;;;;
20081700;8170 SAND DOLLAR BISQUIE;4,84 US$;;12;;;;;
20081710;8171 CONCH SHELL BISQUIE;4,84 US$;;12;;;;;
20081720;8172 SCALLOP SHELL BISQUIE;4,84 US$;;12;;;;;
20081730;8173 DOLPHIN BISQUIE;8,97 US$;;12;;;;;
20081740;8174 MED. TROPICAL FISH;4,84 US$;;12;;;;;
20081760;8176 FLIP FLOPS BISQUIE;4,84 US$;;12;;;;;
20081780;8178 PALM TREE BISQUIE;8,97 US$;;12;;;;;
20081800;8180 BUTTERFLY BISQUIE;8,97 US$;;12;;;;;
20081810;8181 DRAGONFLY BISQUIE;8,97 US$;;12;;;;;
20081820;8182 LADYBUG BISQUE;4,84 US$;;12;;;;;
20081850;8185 LARGE STAR BISQUIE;7,56 US$;;12;;;;;
20081860;8186 SMALL STAR BISQUIE;5,35 US$;;12;;;;;
20081890;8189 LARGE HEART BISQUIE;7,56 US$;;12;;;;;
20081900;8190 SMALL HEART BISQUIE;5,35 US$;;12;;;;;
20081910;8191 LARGE FUNKY FLOWER;7,56 US$;;12;;;;;
20081920;8192 SMALL FUNKY FLOWER;5,35 US$;;12;;;;;
20081930;8193 LARGE RIBBON BISQUIE;7,32 US$;;12;;;;;
20081950;8195 CUPCAKE BISQUIE;5,24 US$;;12;;;;;
20081960;8196 1 1/2 ROUND BISQUIE;3,78 US$;;12;;;;;
20081970;8197 2 ROUND BISQUIE;4,19 US$;;12;;;;;
20081990;8199 GIFT TAG BISQUIE;5,67 US$;;12;;;;;
20082010;8201 2 SQUARE BISQUIE;4,19 US$;;12;;;;;
20082020;8202 3 SQUARE BISQUIE;6,71 US$;;12;;;;;
20082030;8203 ICE CREAM CONE BISQUIE;5,87 US$;;12;;;;;
20082040;8204 OWL BISQUIE;4,69 US$;;12;;;;;
20082080;8208 LARGE SPLATTER BISQUIE;6,04 US$;;12;;;;;
20082090;8209 SMALL SPLATTER BISQUIE;4,82 US$;;12;;;;;
20082100;8210 BISQUIE OAK LEAF;5,67 US$;;12;;;;;
20082110;8211 MAPLE LEAF BISQUIE;6,71 US$;;12;;;;;
20082120;8212 OVAL LEAF BISQUIE;5,45 US$;;12;;;;;
20082140;8214 - 2 3/8 TEXTURE TILE BISQUIE;5,08 US$;;12;;;;;
20082150;8215 - POOP BISQUIE;4,90 US$;;12;;;;;
30495540;NTG-9554 4OZ SNOW STORM;2,70 US$;;1;;;;;
30495550;NTG-9555 4OZ MAGIC FLOW;2,62 US$;;1;;;;;
30495560;AS 9556 4OZ NO FIRE TEXTURED SNOW;2,70 US$;;1;;;;;
30623000;FS-2300 8 OZ POLAR BEAR;4,44 US$;;1;;;;;
30623010;FS-2301 8 OZ SMILEY FACE;4,44 US$;;1;;;;;
30623020;FS-2302 8 OZ ORANGE PEEL;4,44 US$;;1;;;;;
30623030;FS-2303 8 OZ LIME RICKY;4,44 US$;;1;;;;;
30623040;FS-2304 8 OZ GREEN ACRES;4,44 US$;;1;;;;;
30623050;FS-2305 8 OZ BLUE HEAVEN;4,44 US$;;1;;;;;
30623060;FS-2306 8 OZ BLUE-BY-U;4,44 US$;;1;;;;;
30623080;FS-2308 8 OZ IN THE PINK;4,44 US$;;1;;;;;
30623090;FS-2309 8 OZ RED ROVER;4,44 US$;;1;;;;;
30623100;FS-2310 8 OZ TEAL TOMORROW;4,44 US$;;1;;;;;
30623110;FS-2311 8 OZ THE COLOR PURPLE;4,44 US$;;1;;;;;
30623120;FS-2312 8 OZ BLACK RASPBERRY;4,44 US$;;1;;;;;
30623130;FS-2313 8 OZ HAPPY TRAILS;4,44 US$;;1;;;;;
30623140;FS-2314 8 OZ BLACK LAB;4,44 US$;;1;;;;;
30623150;FS-2315 8 OZ WHAT A YOLK;4,44 US$;;1;;;;;
30623170;FS-2317 8 OZ ARIZONA SUN;4,44 US$;;1;;;;;
30623180;FS-2318 8 OZ BISQ-OTTI;4,44 US$;;1;;;;;
30623190;FS-2319 8 OZ THIS LI'L PIGGY;4,44 US$;;1;;;;;
30623200;FS-2320 8 OZ GRAPE ESCAPE;4,44 US$;;1;;;;;
30623230;FS-2323 8 OZ JUMPIN' JUNIPER;4,44 US$;;1;;;;;
30623240;FS-2324 8 OZ HINT-O-MINT;4,44 US$;;1;;;;;
30623250;FS-2325 8 OZ HAPPY GO LUCKY;4,44 US$;;1;;;;;
30623270;FS-2327 8 OZ BLAZING SADDLE;4,44 US$;;1;;;;;
30623280;FS-2328 8 OZ MOCHA-CHINO;4,44 US$;;1;;;;;
30623290;FS-2329 8 OZ HI HO SILVER;4,44 US$;;1;;;;;
30623350;FS-2335 8 OZ TICKLED PINK;4,44 US$;;1;;;;;
30623360;FS-2336 8 OZ WINEONA;4,44 US$;;1;;;;;
30623370;FS-2337 8 OZ LI'L BOY BLUE;4,44 US$;;1;;;;;
30623380;FS-2338 8 OZ GALAXY;4,44 US$;;1;;;;;
30623400;FS-2340 8 OZ DOUBLE MINT;4,44 US$;;1;;;;;
30623410;FS-2341 8 OZ KERMIT;4,44 US$;;1;;;;;
30623420;FS-2342 8 OZ M.A.S.H.;4,44 US$;;1;;;;;
30623430;FS-2343 8 OZ PEACHY KEEN;4,44 US$;;1;;;;;
30623490;FS-2349 8 OZ TWEETY BIRD;4,44 US$;;1;;;;;
30623500;FS-2350 8 OZ GOLDEN RETRIEVER;4,44 US$;;1;;;;;
30623530;FS-2353 8 OZ GRAPE SLUSH;4,44 US$;;1;;;;;
30623540;FS-2354 8 OZ SOMETHING BLUE;4,44 US$;;1;;;;;
30623550;FS-2355 8 OZ NANTUCKET BLUE;4,44 US$;;1;;;;;
30623590;FS-2359 8 OZ LIME LIGHT;4,44 US$;;1;;;;;
30623610;FS-2361 8 OZ LEAP FROG;4,44 US$;;1;;;;;
30623640;FS-2364 8 OZ BUTTERSCOTCH;4,44 US$;;1;;;;;
30623650;FS-2365 8OZ NOT QUITE WHITE;4,44 US$;;1;;;;;
30623660;FS-2366 8 OZ CHOCOLATE MOOSE;4,44 US$;;1;;;;;
30623670;FS-2367 8OZ TAUPE OF THE MORNIN';4,44 US$;;1;;;;;
30623680;FS-2368 8 OZ OLD YELLER;4,44 US$;;1;;;;;
30623690;FS-2369 8 OZ CREAM PUFF;4,44 US$;;1;;;;;
30623700;FS-2370 8 OZ NUTTY 4 U;4,44 US$;;1;;;;;
30623710;FS-2371 8 OZ COFFEE-N-CREAM;4,44 US$;;1;;;;;
30623720;FS-2372 8 OZ MOCHA FUDGE;4,44 US$;;1;;;;;
30623730;FS-2373 8 OZ KEY LIME PIE;4,44 US$;;1;;;;;
30623740;FS-2374 8 OZ BLUE ICE;4,44 US$;;1;;;;;
30623750;FS-2375 8 OZ JUMPIN' JELLY;4,44 US$;;1;;;;;
30623760;FS-2376 8 OZ BOUNCIN' BERRY;4,44 US$;;1;;;;;
30623770;FS-2377 8 OZ PUMPKIN PIE;4,44 US$;;1;;;;;
30623780;FS-2378 8 OZ PEA SOUP;4,44 US$;;1;;;;;
30623790;FS-2379 8 OZ SIMPLY CINNAMON;4,44 US$;;1;;;;;
30623810;FS-2381 8 OZ BEBOPPIN' BLUE;4,44 US$;;1;;;;;
30623820;FS-2382 8 OZ TAHITI TEAL;4,44 US$;;1;;;;;
30623830;FS-2383 8 OZ MELLOW YELLOW;4,44 US$;;1;;;;;
30623840;FS-2384 8 OZ PINKIE WINKIE;4,44 US$;;1;;;;;
30623850;FS-2385 8 OZ SWEET PEA;4,44 US$;;1;;;;;
30623860;FS-2386 8 OZ PAIL BLUE;4,44 US$;;1;;;;;
30623870;FS-2387 8 OZ POOL PARTY;4,44 US$;;1;;;;;
30623880;FS-2388 8 OZ PEACH FUZZ;4,44 US$;;1;;;;;
30623890;FS-2389 8 OZ SAMMY SALMON;4,44 US$;;1;;;;;
30623900;FS-2390 8 OZ ORANGE CRUSH;4,44 US$;;1;;;;;
30623910;FS-2391 8 OZ RED BLAZE;4,44 US$;;1;;;;;
30623920;FS-2392 8 OZ ROCKIN' RED;4,44 US$;;1;;;;;
30623930;FS-2393 8OZ PRETTY IN PINK;4,44 US$;;1;;;;;
30623940;FS-2394 8OZ COTTON CANDY;4,44 US$;;1;;;;;
30623950;FS-2395 8OZ TIN MAN;4,44 US$;;1;;;;;
30623960;FS-2396 8OZ ANCHORS AWAY;4,44 US$;;1;;;;;
30623970;FS-2397 8OZ TANGY TANGERINE;4,44 US$;;1;;;;;
30623980;FS-2398 8OZ TEAL WE MEET AGAIN;4,44 US$;;1;;;;;
30623990;FS-2399 8OZ BLU-TEAL-FUL;4,44 US$;;1;;;;;
30723000;FS-2300 PINT POLAR BEAR;8,56 US$;;1;;;;;
30723010;FS-2301 PINT SMILEY FACE;8,56 US$;;1;;;;;
30723020;FS-2302 PINT ORANGE PEEL;8,56 US$;;1;;;;;
30723030;FS-2303 PINT LIME RICKY;8,56 US$;;1;;;;;
30723040;FS-2304 PINT GREEN ACRES;8,56 US$;;1;;;;;
30723050;FS-2305 PINT BLUE HEAVEN;8,56 US$;;1;;;;;
30723060;FS-2306 PINT BLUE-BY-U;8,56 US$;;1;;;;;
30723080;FS-2308 PINT IN THE PINK;8,56 US$;;1;;;;;
30723090;FS-2309 PINT RED ROVER;8,56 US$;;1;;;;;
30723100;FS-2310 PINT TEAL TOMORROW;8,56 US$;;1;;;;;
30723110;FS-2311 PINT THE COLOR PURPLE;8,56 US$;;1;;;;;
30723120;FS-2312 PINT BLACK RASPBERRY;8,56 US$;;1;;;;;
30723130;FS-2313 PINT HAPPY TRAILS;8,56 US$;;1;;;;;
30723140;FS-2314 PINT BLACK LAB;8,56 US$;;1;;;;;
30723150;FS-2315 PINT WHAT A YOLK;8,56 US$;;1;;;;;
30723170;FS-2317 PINT ARIZONA SUN;8,56 US$;;1;;;;;
30723180;FS-2318 PINT BISQ-OTTI;8,56 US$;;1;;;;;
30723190;FS-2319 PINT THIS LI'L PIGGY;8,56 US$;;1;;;;;
30723200;FS-2320 PINT GRAPE ESCAPE;8,56 US$;;1;;;;;
30723230;FS-2323 PINT JUMPIN' JUNIPER;8,56 US$;;1;;;;;
30723240;FS-2324 PINT HINT-O-MINT;8,56 US$;;1;;;;;
30723250;FS-2325 PINT HAPPY GO LUCKY;8,56 US$;;1;;;;;
30723270;FS-2327 PINT BLAZZING SADDLE;8,56 US$;;1;;;;;
30723280;FS-2328 PINT MOCHA-CHINO;8,56 US$;;1;;;;;
30723290;FS-2329 PINT HI HO SILVER;8,56 US$;;1;;;;;
30723350;FS-2335 PINT TICKLED PINK;8,56 US$;;1;;;;;
30723360;FS-2336 PINT WINEONA;8,56 US$;;1;;;;;
30723370;FS-2337 PINT LI'L BOY BLUE;8,56 US$;;1;;;;;
30723380;FS-2338 PINT GALAXY;8,56 US$;;1;;;;;
30723400;FS-2340 PINT DOUBLE MINT;8,56 US$;;1;;;;;
30723410;FS-2341 PINT KERMIT;8,56 US$;;1;;;;;
30723420;FS-2342 PINT M.A.S.H.;8,56 US$;;1;;;;;
30723430;FS-2343 PINT PEACHY KEEN;8,56 US$;;1;;;;;
30723490;FS-2349 PINT TWEETY BIRD;8,56 US$;;1;;;;;
30723500;FS-2350 PINT GOLDEN RETRIEVER;8,56 US$;;1;;;;;
30723530;FS-2353 PINT GRAPE SLUSH;8,56 US$;;1;;;;;
30723540;FS-2354 PINT SOMETHING BLUE;8,56 US$;;1;;;;;
30723550;FS-2355 PINT NANTUCKET BLUE;8,56 US$;;1;;;;;
30723590;FS-2359 PINT LIME LIGHT;8,56 US$;;1;;;;;
30723610;FS-2361 PINT LEAP FROG;8,56 US$;;1;;;;;
30723640;FS-2364 PINT BUTTERSCOTCH;8,56 US$;;1;;;;;
30723650;FS-2365 PINT NOT QUITE WHITE;8,56 US$;;1;;;;;
30723660;FS-2366 PINT CHOCOLATE MOOSE;8,56 US$;;1;;;;;
30723670;FS-2367 PINT TAUPE OF THE MORNIN';8,56 US$;;1;;;;;
30723680;FS-2368 PINT OLD YELLER;8,56 US$;;1;;;;;
30723690;FS-2369 PINT CREAM PUFF;8,56 US$;;1;;;;;
30723700;FS-2370 PINT NUTTY 4 U;8,56 US$;;1;;;;;
30723710;FS-2371 PINT COFFEE-N-CREAM;8,56 US$;;1;;;;;
30723720;FS-2372 PINT MOCHA FUDGE;8,56 US$;;1;;;;;
30723730;FS-2373 PINT KEY LIME PIE;8,56 US$;;1;;;;;
30723740;FS-2374 PINT BLUE ICE;8,56 US$;;1;;;;;
30723750;FS-2375 PINT JUMPIN' JELLY;8,56 US$;;1;;;;;
30723760;FS-2376 PINT BOUNCIN' BERRY;8,56 US$;;1;;;;;
30723770;FS-2377 PINT PUMPKIN PIE;8,56 US$;;1;;;;;
30723780;FS-2378 PINT PEA SOUP;8,56 US$;;1;;;;;
30723790;FS-2379 PINT SIMPLY CINNAMON;8,56 US$;;1;;;;;
30723810;FS-2381 PINT BEBOPPIN' BLUE;8,56 US$;;1;;;;;
30723820;FS-2382 PINT TAHITI TEAL;8,56 US$;;1;;;;;
30723830;FS-2383 PINT MELLOW YELLOW;8,56 US$;;1;;;;;
30723840;FS-2384 PINT PINKIE WINKIE;8,56 US$;;1;;;;;
30723850;FS-2385 PINT SWEET PEA;8,56 US$;;1;;;;;
30723860;FS-2386 PINT PAIL BLUE;8,56 US$;;1;;;;;
30723870;FS-2387 PINT POOL PARTY;8,56 US$;;1;;;;;
30723880;FS-2388 PINT PEACH FUZZ;8,56 US$;;1;;;;;
30723890;FS-2389 PINT SAMMY SALMON;8,56 US$;;1;;;;;
30723900;FS-2390 PINT ORANGE CRUSH;8,56 US$;;1;;;;;
30723910;FS-2391 PINT RED BLAZE;8,56 US$;;1;;;;;
30723920;FS-2392 PINT ROCKIN'RED;8,56 US$;;1;;;;;
30723930;FS-2393 PINT PRETTY IN PINK;8,56 US$;;1;;;;;
30723940;FS-2394 PINT COTTON CANDY;8,56 US$;;1;;;;;
30723950;FS-2395 PINT TIN MAN;8,56 US$;;1;;;;;
30723960;FS-2396 PINT ANCHORS AWAY;8,56 US$;;1;;;;;
30723970;FS-2397 PINT TANGY TANGERINE;8,56 US$;;1;;;;;
30723980;FS-2398 PINT TEAL WE MEET AGAIN;8,56 US$;;1;;;;;
30723990;FS-2399 PINT BLU-TEAL-FUL;8,56 US$;;1;;;;;
30724000;FS-2400 PINT BUTTER ME UP;9,56 US$;;1;;;;;
30724050;FS-2405 PINT GRANNY SMITH;9,56 US$;;1;;;;;
30724070;FS-2407 PINT BLAZING BERRY;9,56 US$;;1;;;;;
30724080;FS-2408 PINT BANANARAMA;9,56 US$;;1;;;;;
30724090;FS-2409 PINT PURPLE RAIN;9,56 US$;;1;;;;;
30724100;FS-2410 PINT BLIZZARD BLUE;9,56 US$;;1;;;;;
30724110;FS-2411 PINT BLUE GALAXY;9,56 US$;;1;;;;;
30724120;FS-2412 PINT THE PATRIOT;9,56 US$;;1;;;;;
30724130;FS-2413 PINT PINK PASSION;9,56 US$;;1;;;;;
30724140;FS-2414 PINT LIZARD LIME;9,56 US$;;1;;;;;
30724150;FS-2415 PINT SAND CASTLE;9,56 US$;;1;;;;;
30724160;FS-2416 PINT FUNFETTI;9,56 US$;;1;;;;;
30724170;FS-2417 PINT MANGO TANGO;9,56 US$;;1;;;;;
30724180;FS-2418 PINT STARRY NIGHT;9,56 US$;;1;;;;;
30724190;FS-2419 PINT PRINCESS PARTY;9,56 US$;;1;;;;;
30724200;FS-2420 PINT PAPARAZZI;9,56 US$;;1;;;;;
30726000;SC-2600 PINT WHITE BOARD;7,79 US$;;1;;;;;
30726090;SC-2609 PINT BLACK TOP;7,79 US$;;1;;;;;
30790000;NTG-9000 PINT SIMPLICITY CLEARGLAZE;4,34 US$;;1;;;;;
30790180;NTG-9018 BLUE LAGOON PTS;7,79 US$;;1;;;;;
30790600;NTG-9060 PINT GLASS GREEN;7,79 US$;;1;;;;;
30792030;NTG-9203 PINTS CLOUD WHITE;7,79 US$;;1;;;;;
30792160;NTG-9216 PINTS EBONY;7,79 US$;;1;;;;;
30793160;NTG-9316 PINT MUD SLIDE;11,26 US$;;1;;;;;
30793170;NTG-9317 PINT VOLCANIC EMBERS;11,26 US$;;1;;;;;
30793190;NTG - 9319 PINT POTTERY PEACOCK;11,26 US$;;1;;;;;
30793210;NTG-9321 PINTS PEACOCK PEBBLE;11,26 US$;;1;;;;;
30793220;NTG-9322 PINTS SPECKLED FOREST;11,26 US$;;1;;;;;
30793230;NTG-9323 PINTS BABBLING BR0OK;11,26 US$;;1;;;;;
30793340;NTG-9334 PINTS CAST IRON;5,90 US$;;1;;;;;
30793370;NTG-9337 PINTS ANTIQUE MOSS;5,90 US$;;1;;;;;
30794070;NTG-9407 PINT VANILLA SPICE;7,79 US$;;1;;;;;
30795110;NTG-9511 PINT PRAIRIE GOLD;8,14 US$;;1;;;;;
30795120;NTG-9512 PINT CANYON CLAY;8,14 US$;;1;;;;;
30795130;NTG-9513 PINT RED ROCK;8,14 US$;;1;;;;;
30795140;NTG-9514 PINT RIVER STONE;8,14 US$;;1;;;;;
30795150;NTG-9515 PINT POTTERY BLUE;8,14 US$;;1;;;;;
30795160;NTG-9516 PINT MIDNIGHT STONE;8,14 US$;;1;;;;;
30795170;NTG-9517 PINT POTTERY PATINA;8,14 US$;;1;;;;;
30795180;NTG-9518 PINT IRON MOSS;8,14 US$;;1;;;;;
30795190;NTG-9519 PINT GREEN ASH;8,14 US$;;1;;;;;
30795200;NTG-9520 PINT VOLCANIC ASH;8,14 US$;;1;;;;;
30795210;NTG-9521 PINT SPRING MIST;8,14 US$;;1;;;;;
30795220;NTG-9522 PINT OCEAN MIST;8,14 US$;;1;;;;;
30795270;NTG-9527 PINT SANDY BEACH;8,14 US$;;1;;;;;
30795290;NTG-9529 PINT WHITE BIRCH;8,14 US$;;1;;;;;
30795320;NTG-9532 PINT ROBIN'S EGG;8,14 US$;;1;;;;;
30795370;NTG-9537 PINT MERMAID SCALES;8,14 US$;;1;;;;;
30795380;NTG - 9538 PINT PLUM ISLAND;8,14 US$;;1;;;;;
30795390;NTG - 9539 PINT LOBSTER FEST;8,14 US$;;1;;;;;
30795400;NTG - 9540 PINT DENIM DAZE;8,14 US$;;1;;;;;
30795410;NTG - 9541 PINT JOLLY GREEN;8,14 US$;;1;;;;;
30795420;NTG - 9542 PINT DARLIN' CLEMENTINE;8,14 US$;;1;;;;;
30795550;NTG - 9555 PINT MAGIC FLOW;8,84 US$;;1;;;;;
30850010;DAZZLE DIP 1 GALLON - CS OF 4;78,40 US$;;1;;;;;
30850350;3.5 GALLON DAZZLE DIP;56,35 US$;;1;;;;;
30890000;9000 BRUSHING 1-GAL/CS OF 4 GLAZE;78,40 US$;;1;;;;;
30890006;9000 BRUSHING 5-GL BUCKET GLAZE;80,85 US$;;1;;;;;
3089000D;9000 DIPPING 1-GL/CS OF 4 CLEAR GLZ;78,40 US$;;1;;;;;
30890026;9000 DIPPING 5-GL BUCKET CLEAR GLZ;80,85 US$;;1;;;;;